,FEDFUNDS,UNRATE,CPIAUCSL,PAYEMS,GDP,DGS10
1954-07-01,0.8,5.8,26.86,48835.0,390.996,4.09
1954-08-01,1.22,6.0,26.85,48826.0,390.996,4.09
1954-09-01,1.07,6.1,26.81,48886.0,390.996,4.09
1954-10-01,0.85,5.7,26.72,48942.0,399.734,4.09
1954-11-01,0.83,5.3,26.78,49180.0,399.734,4.09
1954-12-01,1.28,5.0,26.77,49331.0,399.734,4.09
1955-01-01,1.39,4.9,26.77,49496.0,413.073,4.09
1955-02-01,1.29,4.7,26.82,49644.0,413.073,4.09
1955-03-01,1.35,4.6,26.79,49962.0,413.073,4.09
1955-04-01,1.43,4.7,26.79,50248.0,421.532,4.09
1955-05-01,1.43,4.3,26.77,50512.0,421.532,4.09
1955-06-01,1.64,4.2,26.71,50790.0,421.532,4.09
1955-07-01,1.68,4.0,26.76,50987.0,430.221,4.09
1955-08-01,1.96,4.2,26.72,51111.0,430.221,4.09
1955-09-01,2.18,4.1,26.85,51266.0,430.221,4.09
1955-10-01,2.24,4.3,26.82,51429.0,437.092,4.09
1955-11-01,2.35,4.2,26.88,51592.0,437.092,4.09
1955-12-01,2.48,4.2,26.87,51805.0,437.092,4.09
1956-01-01,2.45,4.0,26.83,51975.0,439.746,4.09
1956-02-01,2.5,3.9,26.86,52167.0,439.746,4.09
1956-03-01,2.5,4.2,26.89,52294.0,439.746,4.09
1956-04-01,2.62,4.0,26.93,52375.0,446.01,4.09
1956-05-01,2.75,4.3,27.03,52506.0,446.01,4.09
1956-06-01,2.71,4.3,27.15,52586.0,446.01,4.09
1956-07-01,2.75,4.4,27.29,51955.0,451.191,4.09
1956-08-01,2.73,4.1,27.31,52631.0,451.191,4.09
1956-09-01,2.95,3.9,27.35,52604.0,451.191,4.09
1956-10-01,2.96,3.9,27.51,52777.0,460.463,4.09
1956-11-01,2.88,4.3,27.51,52821.0,460.463,4.09
1956-12-01,2.94,4.2,27.63,52929.0,460.463,4.09
1957-01-01,2.84,4.2,27.67,52887.0,469.779,4.09
1957-02-01,3.0,3.9,27.8,53097.0,469.779,4.09
1957-03-01,2.96,3.7,27.86,53156.0,469.779,4.09
1957-04-01,3.0,3.9,27.93,53238.0,472.025,4.09
1957-05-01,3.0,4.1,28.0,53150.0,472.025,4.09
1957-06-01,3.0,4.3,28.11,53067.0,472.025,4.09
1957-07-01,2.99,4.2,28.19,53123.0,479.49,4.09
1957-08-01,3.24,4.1,28.28,53128.0,479.49,4.09
1957-09-01,3.47,4.4,28.32,52934.0,479.49,4.09
1957-10-01,3.5,4.5,28.32,52763.0,474.864,4.09
1957-11-01,3.28,5.1,28.41,52558.0,474.864,4.09
1957-12-01,2.98,5.2,28.47,52384.0,474.864,4.09
1958-01-01,2.72,5.8,28.64,52076.0,467.54,4.09
1958-02-01,1.67,6.4,28.7,51576.0,467.54,4.09
1958-03-01,1.2,6.7,28.87,51299.0,467.54,4.09
1958-04-01,1.26,7.4,28.94,51027.0,471.978,4.09
1958-05-01,0.63,7.4,28.94,50914.0,471.978,4.09
1958-06-01,0.93,7.3,28.91,50914.0,471.978,4.09
1958-07-01,0.68,7.5,28.89,51039.0,485.841,4.09
1958-08-01,1.53,7.4,28.94,51233.0,485.841,4.09
1958-09-01,1.76,7.1,28.91,51506.0,485.841,4.09
1958-10-01,1.8,6.7,28.91,51485.0,499.555,4.09
1958-11-01,2.27,6.2,28.95,51944.0,499.555,4.09
1958-12-01,2.42,6.2,28.97,52085.0,499.555,4.09
1959-01-01,2.48,6.0,29.01,52478.0,510.33,4.09
1959-02-01,2.43,5.9,29.0,52688.0,510.33,4.09
1959-03-01,2.8,5.6,28.97,53014.0,510.33,4.09
1959-04-01,2.96,5.2,28.98,53321.0,522.653,4.09
1959-05-01,2.9,5.1,29.04,53550.0,522.653,4.09
1959-06-01,3.39,5.0,29.11,53681.0,522.653,4.09
1959-07-01,3.47,5.1,29.15,53804.0,525.034,4.09
1959-08-01,3.5,5.2,29.18,53336.0,525.034,4.09
1959-09-01,3.76,5.5,29.25,53428.0,525.034,4.09
1959-10-01,3.98,5.7,29.35,53358.0,528.6,4.09
1959-11-01,4.0,5.8,29.35,53634.0,528.6,4.09
1959-12-01,3.99,5.3,29.41,54174.0,528.6,4.09
1960-01-01,3.99,5.2,29.37,54274.0,542.648,4.09
1960-02-01,3.97,4.8,29.41,54513.0,542.648,4.09
1960-03-01,3.84,5.4,29.41,54454.0,542.648,4.09
1960-04-01,3.92,5.2,29.54,54813.0,541.08,4.09
1960-05-01,3.85,5.1,29.57,54475.0,541.08,4.09
1960-06-01,3.32,5.4,29.61,54348.0,541.08,4.09
1960-07-01,3.23,5.5,29.55,54306.0,545.604,4.09
1960-08-01,2.98,5.6,29.61,54272.0,545.604,4.09
1960-09-01,2.6,5.5,29.61,54227.0,545.604,4.09
1960-10-01,2.47,6.1,29.75,54142.0,540.197,4.09
1960-11-01,2.44,6.1,29.78,53961.0,540.197,4.09
1960-12-01,1.98,6.6,29.81,53742.0,540.197,4.09
1961-01-01,1.45,6.6,29.84,53683.0,545.018,4.09
1961-02-01,2.54,6.9,29.84,53557.0,545.018,4.09
1961-03-01,2.02,6.9,29.84,53659.0,545.018,4.09
1961-04-01,1.49,7.0,29.81,53627.0,555.545,4.09
1961-05-01,1.98,7.1,29.84,53786.0,555.545,4.09
1961-06-01,1.73,6.9,29.84,53977.0,555.545,4.09
1961-07-01,1.17,7.0,29.92,54123.0,567.664,4.09
1961-08-01,2.0,6.6,29.94,54298.0,567.664,4.09
1961-09-01,1.88,6.7,29.98,54388.0,567.664,4.09
1961-10-01,2.26,6.5,29.98,54522.0,580.612,4.09
1961-11-01,2.61,6.1,29.98,54742.0,580.612,4.09
1961-12-01,2.33,6.0,30.01,54872.0,580.612,4.09
1962-01-01,2.15,5.8,30.04,54891.0,594.013,4.09
1962-02-01,2.37,5.5,30.11,55188.0,594.013,4.09
1962-03-01,2.85,5.6,30.17,55275.0,594.013,3.98
1962-04-01,2.78,5.6,30.21,55602.0,600.366,3.915
1962-05-01,2.36,5.5,30.24,55628.0,600.366,3.85
1962-06-01,2.68,5.5,30.21,55644.0,600.366,3.89
1962-07-01,2.71,5.4,30.22,55746.0,609.027,3.96
1962-08-01,2.93,5.7,30.28,55838.0,609.027,4.03
1962-09-01,2.9,5.6,30.42,55978.0,609.027,3.9800000000000004
1962-10-01,2.9,5.4,30.38,56041.0,612.28,3.93
1962-11-01,2.94,5.7,30.38,56056.0,612.28,3.92
1962-12-01,2.93,5.5,30.38,56028.0,612.28,3.9066666666666667
1963-01-01,2.92,5.7,30.44,56115.0,621.672,3.893333333333333
1963-02-01,3.0,5.9,30.48,56230.0,621.672,3.88
1963-03-01,2.98,5.7,30.51,56320.0,621.672,3.93
1963-04-01,2.9,5.7,30.48,56580.0,629.752,3.95
1963-05-01,3.0,5.9,30.51,56616.0,629.752,3.94
1963-06-01,2.99,5.6,30.61,56659.0,629.752,3.9749999999999996
1963-07-01,3.02,5.6,30.69,56794.0,644.444,4.01
1963-08-01,3.49,5.4,30.75,56910.0,644.444,3.99
1963-09-01,3.48,5.5,30.72,57078.0,644.444,4.03
1963-10-01,3.5,5.5,30.75,57283.0,653.938,4.07
1963-11-01,3.48,5.7,30.78,57255.0,653.938,4.15
1963-12-01,3.38,5.5,30.88,57361.0,653.938,4.166
1964-01-01,3.48,5.6,30.94,57487.0,669.822,4.182
1964-02-01,3.48,5.4,30.91,57753.0,669.822,4.198
1964-03-01,3.43,5.4,30.94,57897.0,669.822,4.214
1964-04-01,3.47,5.3,30.95,57922.0,678.674,4.23
1964-05-01,3.5,5.1,30.98,58089.0,678.674,4.22
1964-06-01,3.5,5.2,31.01,58219.0,678.674,4.19
1964-07-01,3.42,4.9,31.02,58412.0,692.031,4.15
1964-08-01,3.5,5.0,31.05,58619.0,692.031,4.18
1964-09-01,3.45,5.1,31.08,58903.0,692.031,4.21
1964-10-01,3.36,5.1,31.12,58793.0,697.319,4.18
1964-11-01,3.52,4.8,31.21,59218.0,697.319,4.1899999999999995
1964-12-01,3.85,5.0,31.25,59421.0,697.319,4.2
1965-01-01,3.9,4.9,31.28,59582.0,717.79,4.2
1965-02-01,3.98,5.1,31.28,59800.0,717.79,4.2
1965-03-01,4.05,4.7,31.31,60003.0,717.79,4.22
1965-04-01,4.09,4.8,31.38,60259.0,730.191,4.2
1965-05-01,4.1,4.6,31.48,60491.0,730.191,4.215
1965-06-01,4.05,4.6,31.61,60690.0,730.191,4.23
1965-07-01,4.09,4.4,31.58,60965.0,749.323,4.2
1965-08-01,4.12,4.4,31.55,61228.0,749.323,4.24
1965-09-01,4.02,4.3,31.62,61490.0,749.323,4.28
1965-10-01,4.08,4.2,31.65,61719.0,771.857,4.36
1965-11-01,4.1,4.1,31.75,61996.0,771.857,4.43
1965-12-01,4.32,4.0,31.85,62322.0,771.857,4.52
1966-01-01,4.42,4.0,31.88,62529.0,795.734,4.605
1966-02-01,4.6,3.8,32.08,62796.0,795.734,4.69
1966-03-01,4.66,3.8,32.18,63192.0,795.734,5.01
1966-04-01,4.67,3.8,32.28,63437.0,804.981,4.7
1966-05-01,4.9,3.9,32.35,63712.0,804.981,4.745
1966-06-01,5.17,3.8,32.38,64111.0,804.981,4.79
1966-07-01,5.3,3.8,32.45,64301.0,819.638,4.99
1966-08-01,5.53,3.8,32.65,64507.0,819.638,5.05
1966-09-01,5.4,3.7,32.75,64643.0,819.638,5.3
1966-10-01,5.53,3.7,32.85,64854.0,833.302,5.145
1966-11-01,5.76,3.6,32.88,65019.0,833.302,4.99
1966-12-01,5.4,3.8,32.92,65199.0,833.302,5.09
1967-01-01,4.94,3.9,32.9,65407.0,844.17,4.805
1967-02-01,5.0,3.8,33.0,65429.0,844.17,4.52
1967-03-01,4.53,3.8,33.0,65530.0,844.17,4.66
1967-04-01,4.05,3.8,33.1,65466.0,848.983,4.715
1967-05-01,3.94,3.8,33.1,65620.0,848.983,4.77
1967-06-01,3.98,3.9,33.3,65750.0,848.983,4.81
1967-07-01,3.79,3.8,33.4,65888.0,865.233,4.994999999999999
1967-08-01,3.9,3.8,33.5,66143.0,865.233,5.18
1967-09-01,3.99,3.8,33.6,66164.0,865.233,5.25
1967-10-01,3.88,4.0,33.7,66225.0,881.439,5.475
1967-11-01,4.13,3.9,33.9,66703.0,881.439,5.7
1967-12-01,4.51,3.8,34.0,66900.0,881.439,5.78
1968-01-01,4.61,3.7,34.1,66804.0,909.387,5.68
1968-02-01,4.71,3.8,34.2,67215.0,909.387,5.58
1968-03-01,5.05,3.7,34.3,67295.0,909.387,5.56
1968-04-01,5.76,3.5,34.4,67556.0,934.344,5.64
1968-05-01,6.12,3.5,34.5,67652.0,934.344,5.73
1968-06-01,6.07,3.7,34.7,67905.0,934.344,5.675000000000001
1968-07-01,6.03,3.7,34.9,68126.0,950.825,5.62
1968-08-01,6.03,3.5,35.0,68330.0,950.825,5.38
1968-09-01,5.78,3.4,35.1,68484.0,950.825,5.4350000000000005
1968-10-01,5.91,3.4,35.3,68721.0,968.03,5.49
1968-11-01,5.82,3.4,35.4,68984.0,968.03,5.61
1968-12-01,6.02,3.4,35.6,69248.0,968.03,5.738
1969-01-01,6.3,3.4,35.7,69439.0,993.337,5.8660000000000005
1969-02-01,6.61,3.4,35.8,69699.0,993.337,5.994
1969-03-01,6.79,3.4,36.1,69905.0,993.337,6.122
1969-04-01,7.41,3.4,36.3,70072.0,1009.02,6.25
1969-05-01,8.67,3.4,36.4,70328.0,1009.02,6.25
1969-06-01,8.9,3.5,36.6,70636.0,1009.02,6.5
1969-07-01,8.61,3.5,36.8,70729.0,1029.956,6.75
1969-08-01,9.19,3.5,36.9,71008.0,1029.956,6.66
1969-09-01,9.15,3.7,37.1,70914.0,1029.956,7.09
1969-10-01,9.0,3.7,37.3,71121.0,1038.147,7.52
1969-11-01,8.85,3.5,37.5,71086.0,1038.147,7.404999999999999
1969-12-01,8.97,3.5,37.7,71241.0,1038.147,7.29
1970-01-01,8.98,3.9,37.9,71176.0,1051.2,7.2275
1970-02-01,8.98,4.2,38.1,71305.0,1051.2,7.165
1970-03-01,7.76,4.4,38.3,71451.0,1051.2,7.1025
1970-04-01,8.1,4.6,38.5,71348.0,1067.375,7.04
1970-05-01,7.95,4.8,38.6,71124.0,1067.375,7.85
1970-06-01,7.61,4.9,38.8,71029.0,1067.375,7.84
1970-07-01,7.21,5.0,38.9,71053.0,1086.059,7.64
1970-08-01,6.62,5.1,39.0,70937.0,1086.059,7.555
1970-09-01,6.29,5.4,39.2,70944.0,1086.059,7.47
1970-10-01,6.2,5.5,39.4,70521.0,1088.608,7.29
1970-11-01,5.6,5.9,39.6,70409.0,1088.608,6.885
1970-12-01,4.9,6.1,39.8,70792.0,1088.608,6.48
1971-01-01,4.14,5.9,39.9,70865.0,1135.156,6.285
1971-02-01,3.72,5.9,39.9,70807.0,1135.156,6.09
1971-03-01,3.71,6.0,40.0,70860.0,1135.156,6.12
1971-04-01,4.16,5.9,40.1,71036.0,1156.271,5.58
1971-05-01,4.63,5.9,40.3,71247.0,1156.271,5.970000000000001
1971-06-01,4.91,5.9,40.5,71254.0,1156.271,6.36
1971-07-01,5.31,6.0,40.6,71315.0,1177.675,6.69
1971-08-01,5.57,6.1,40.7,71373.0,1177.675,6.455
1971-09-01,5.55,6.0,40.8,71614.0,1177.675,6.22
1971-10-01,5.2,5.8,40.9,71642.0,1190.297,6.0
1971-11-01,4.91,6.0,41.0,71847.0,1190.297,5.8
1971-12-01,4.14,6.0,41.1,72109.0,1190.297,5.92
1972-01-01,3.51,5.8,41.2,72441.0,1230.609,6.005
1972-02-01,3.3,5.7,41.4,72648.0,1230.609,6.09
1972-03-01,3.83,5.8,41.4,72944.0,1230.609,6.04
1972-04-01,4.17,5.7,41.5,73162.0,1266.369,6.09
1972-05-01,4.27,5.7,41.6,73469.0,1266.369,6.14
1972-06-01,4.46,5.7,41.7,73758.0,1266.369,6.07
1972-07-01,4.55,5.6,41.8,73709.0,1290.566,6.105
1972-08-01,4.81,5.6,41.9,74141.0,1290.566,6.14
1972-09-01,4.87,5.5,42.1,74264.0,1290.566,6.43
1972-10-01,5.05,5.6,42.2,74674.0,1328.904,6.41
1972-11-01,5.06,5.3,42.4,74973.0,1328.904,6.39
1972-12-01,5.33,5.2,42.5,75268.0,1328.904,6.29
1973-01-01,5.94,4.9,42.7,75617.0,1377.49,6.445
1973-02-01,6.58,5.0,43.0,76014.0,1377.49,6.6
1973-03-01,7.09,4.9,43.4,76284.0,1377.49,6.65
1973-04-01,7.12,5.0,43.7,76455.0,1413.887,6.6850000000000005
1973-05-01,7.84,4.9,43.9,76648.0,1413.887,6.72
1973-06-01,8.49,4.9,44.2,76887.0,1413.887,6.96
1973-07-01,10.4,4.8,44.2,76913.0,1433.838,7.255
1973-08-01,10.5,4.8,45.0,77168.0,1433.838,7.55
1973-09-01,10.78,4.8,45.2,77276.0,1433.838,7.23
1973-10-01,10.01,4.6,45.6,77607.0,1476.289,6.91
1973-11-01,10.03,4.8,45.9,77920.0,1476.289,6.71
1973-12-01,9.95,4.9,46.3,78031.0,1476.289,6.806666666666667
1974-01-01,9.65,5.1,46.8,78100.0,1491.209,6.903333333333333
1974-02-01,8.97,5.2,47.3,78254.0,1491.209,7.0
1974-03-01,9.35,5.1,47.8,78296.0,1491.209,7.08
1974-04-01,10.51,5.1,48.1,78382.0,1530.056,7.42
1974-05-01,11.31,5.1,48.6,78549.0,1530.056,7.62
1974-06-01,11.93,5.4,49.0,78604.0,1530.056,7.635
1974-07-01,12.92,5.5,49.3,78636.0,1560.026,7.65
1974-08-01,12.01,5.5,49.9,78619.0,1560.026,7.92
1974-09-01,11.34,5.9,50.6,78610.0,1560.026,7.945
1974-10-01,10.06,6.0,51.0,78630.0,1599.679,7.97
1974-11-01,9.45,6.6,51.5,78265.0,1599.679,7.8
1974-12-01,8.53,7.2,51.9,77652.0,1599.679,7.856
1975-01-01,7.13,8.1,52.3,77293.0,1616.116,7.912
1975-02-01,6.24,8.1,52.6,76918.0,1616.116,7.968
1975-03-01,5.54,8.6,52.8,76648.0,1616.116,8.024000000000001
1975-04-01,5.49,8.8,53.0,76460.0,1651.853,8.08
1975-05-01,5.22,9.0,53.1,76624.0,1651.853,8.31
1975-06-01,5.55,8.8,53.5,76521.0,1651.853,8.14
1975-07-01,6.1,8.6,54.0,76770.0,1709.82,7.97
1975-08-01,6.14,8.4,54.2,77153.0,1709.82,8.26
1975-09-01,6.24,8.4,54.6,77228.0,1709.82,8.365
1975-10-01,5.82,8.4,54.9,77540.0,1761.831,8.47
1975-11-01,5.22,8.3,55.3,77685.0,1761.831,8.295
1975-12-01,5.2,8.2,55.6,78017.0,1761.831,8.12
1976-01-01,4.87,7.9,55.8,78503.0,1820.487,8.033333333333333
1976-02-01,4.77,7.7,55.9,78816.0,1820.487,7.946666666666666
1976-03-01,4.84,7.6,56.0,79048.0,1820.487,7.86
1976-04-01,4.82,7.7,56.1,79292.0,1852.332,7.68
1976-05-01,5.29,7.4,56.4,79312.0,1852.332,7.8100000000000005
1976-06-01,5.48,7.6,56.7,79376.0,1852.332,7.94
1976-07-01,5.31,7.8,57.0,79547.0,1886.558,7.88
1976-08-01,5.29,7.8,57.3,79704.0,1886.558,7.76
1976-09-01,5.25,7.6,57.6,79892.0,1886.558,7.64
1976-10-01,5.02,7.7,57.9,79911.0,1934.273,7.49
1976-11-01,4.95,7.8,58.1,80240.0,1934.273,7.38
1976-12-01,4.65,7.8,58.4,80448.0,1934.273,6.97
1977-01-01,4.61,7.5,58.7,80690.0,1988.648,7.1899999999999995
1977-02-01,4.68,7.6,59.3,80988.0,1988.648,7.41
1977-03-01,4.69,7.4,59.6,81391.0,1988.648,7.49
1977-04-01,4.73,7.2,60.0,81728.0,2055.909,7.43
1977-05-01,5.35,7.0,60.2,82088.0,2055.909,7.404999999999999
1977-06-01,5.39,7.2,60.5,82488.0,2055.909,7.38
1977-07-01,5.42,6.9,60.8,82834.0,2118.473,7.34
1977-08-01,5.9,7.0,61.1,83075.0,2118.473,7.43
1977-09-01,6.14,6.8,61.3,83532.0,2118.473,7.3
1977-10-01,6.47,6.8,61.6,83800.0,2164.27,7.465
1977-11-01,6.51,6.8,62.0,84173.0,2164.27,7.63
1977-12-01,6.56,6.4,62.3,84410.0,2164.27,7.58
1978-01-01,6.7,6.4,62.7,84594.0,2202.76,7.77
1978-02-01,6.78,6.3,63.0,84948.0,2202.76,7.96
1978-03-01,6.79,6.3,63.4,85460.0,2202.76,8.05
1978-04-01,6.89,6.1,63.9,86162.0,2331.633,8.145
1978-05-01,7.36,6.0,64.5,86509.0,2331.633,8.24
1978-06-01,7.6,5.9,65.0,86950.0,2331.633,8.41
1978-07-01,7.81,6.2,65.5,87204.0,2395.053,8.475
1978-08-01,8.04,5.9,65.9,87483.0,2395.053,8.54
1978-09-01,8.45,6.0,66.5,87621.0,2395.053,8.38
1978-10-01,8.96,5.8,67.1,87956.0,2476.949,8.52
1978-11-01,9.76,5.9,67.5,88391.0,2476.949,8.66
1978-12-01,10.03,6.0,67.9,88671.0,2476.949,8.8
1979-01-01,10.07,5.9,68.5,88808.0,2526.61,8.870000000000001
1979-02-01,10.06,5.9,69.2,89055.0,2526.61,8.94
1979-03-01,10.09,5.8,69.9,89479.0,2526.61,9.17
1979-04-01,10.01,5.8,70.6,89417.0,2591.247,9.265
1979-05-01,10.24,5.6,71.4,89789.0,2591.247,9.36
1979-06-01,10.29,5.7,72.2,90108.0,2591.247,9.05
1979-07-01,10.47,5.7,73.0,90217.0,2667.565,9.02
1979-08-01,10.94,6.0,73.7,90300.0,2667.565,8.99
1979-09-01,11.43,5.9,74.4,90327.0,2667.565,9.25
1979-10-01,13.77,6.0,75.2,90481.0,2723.883,9.51
1979-11-01,13.18,5.9,76.0,90573.0,2723.883,10.79
1979-12-01,13.78,6.0,76.9,90672.0,2723.883,10.956666666666665
1980-01-01,13.82,6.3,78.0,90800.0,2789.842,11.123333333333333
1980-02-01,14.13,6.3,79.0,90883.0,2789.842,11.29
1980-03-01,17.19,6.3,80.1,90994.0,2789.842,11.989999999999998
1980-04-01,17.61,6.9,80.9,90849.0,2797.352,12.69
1980-05-01,10.98,7.5,81.7,90420.0,2797.352,10.57
1980-06-01,9.47,7.6,82.5,90101.0,2797.352,10.350000000000001
1980-07-01,9.03,7.8,82.6,89840.0,2856.483,10.13
1980-08-01,9.61,7.7,83.2,90099.0,2856.483,10.76
1980-09-01,10.87,7.5,83.9,90213.0,2856.483,11.27
1980-10-01,12.81,7.5,84.7,90490.0,2985.557,11.78
1980-11-01,15.85,7.5,85.6,90747.0,2985.557,12.35
1980-12-01,18.9,7.2,86.4,90943.0,2985.557,12.92
1981-01-01,19.08,7.5,87.2,91033.0,3124.206,12.975
1981-02-01,15.93,7.4,88.0,91105.0,3124.206,13.030000000000001
1981-03-01,14.7,7.4,88.6,91210.0,3124.206,13.085
1981-04-01,15.72,7.2,89.1,91283.0,3162.532,13.14
1981-05-01,18.52,7.5,89.7,91296.0,3162.532,14.05
1981-06-01,19.1,7.5,90.5,91490.0,3162.532,13.46
1981-07-01,19.04,7.2,91.5,91601.0,3260.609,14.04
1981-08-01,17.82,7.4,92.2,91565.0,3260.609,14.725
1981-09-01,15.87,7.6,93.1,91477.0,3260.609,15.41
1981-10-01,15.08,7.9,93.4,91380.0,3280.818,15.75
1981-11-01,13.31,8.3,93.8,91171.0,3280.818,14.559999999999999
1981-12-01,12.37,8.5,94.1,90895.0,3280.818,13.37
1982-01-01,13.22,8.6,94.4,90565.0,3274.302,13.975
1982-02-01,14.78,8.9,94.7,90563.0,3274.302,14.58
1982-03-01,14.68,9.0,94.7,90434.0,3274.302,13.85
1982-04-01,14.94,9.3,95.0,90150.0,3331.972,14.1
1982-05-01,14.45,9.4,95.9,90107.0,3331.972,14.015
1982-06-01,14.15,9.6,97.0,89865.0,3331.972,13.93
1982-07-01,12.59,9.8,97.5,89521.0,3366.322,14.4
1982-08-01,10.12,9.8,97.7,89363.0,3366.322,13.58
1982-09-01,10.31,10.1,97.7,89183.0,3366.322,12.76
1982-10-01,9.71,10.4,98.1,88907.0,3402.561,11.51
1982-11-01,9.2,10.8,98.0,88786.0,3402.561,10.56
1982-12-01,8.95,10.8,97.7,88771.0,3402.561,10.74
1983-01-01,8.68,10.4,97.9,88990.0,3473.413,10.76
1983-02-01,8.51,10.4,98.0,88917.0,3473.413,10.78
1983-03-01,8.77,10.3,98.1,89090.0,3473.413,10.22
1983-04-01,8.8,10.2,98.8,89364.0,3578.848,10.403333333333334
1983-05-01,8.63,10.1,99.2,89644.0,3578.848,10.586666666666666
1983-06-01,8.98,10.1,99.4,90021.0,3578.848,10.77
1983-07-01,9.37,9.4,99.8,90437.0,3689.179,10.93
1983-08-01,9.56,9.5,100.1,90129.0,3689.179,11.8
1983-09-01,9.45,9.2,100.4,91247.0,3689.179,11.97
1983-10-01,9.48,8.8,100.8,91520.0,3794.706,11.83
1983-11-01,9.34,8.5,101.1,91875.0,3794.706,11.69
1983-12-01,9.47,8.3,101.4,92230.0,3794.706,11.63
1984-01-01,9.56,8.0,102.1,92673.0,3908.054,11.635000000000002
1984-02-01,9.59,7.8,102.6,93157.0,3908.054,11.64
1984-03-01,9.91,7.8,102.9,93429.0,3908.054,12.07
1984-04-01,10.29,7.7,103.3,93792.0,4009.601,12.445
1984-05-01,10.32,7.4,103.5,94098.0,4009.601,12.82
1984-06-01,11.06,7.2,103.7,94479.0,4009.601,13.63
1984-07-01,11.23,7.5,104.1,94789.0,4084.25,13.22
1984-08-01,11.64,7.5,104.4,95032.0,4084.25,12.81
1984-09-01,11.3,7.3,104.7,95344.0,4084.25,12.675
1984-10-01,9.99,7.4,105.1,95629.0,4148.551,12.54
1984-11-01,9.43,7.2,105.3,95982.0,4148.551,11.66
1984-12-01,8.38,7.3,105.5,96107.0,4148.551,11.536666666666667
1985-01-01,8.35,7.3,105.7,96372.0,4230.168,11.413333333333332
1985-02-01,8.5,7.2,106.3,96503.0,4230.168,11.29
1985-03-01,8.58,7.2,106.8,96842.0,4230.168,11.86
1985-04-01,8.27,7.3,107.0,97038.0,4294.887,11.66
1985-05-01,7.97,7.2,107.2,97312.0,4294.887,11.27
1985-06-01,7.53,7.4,107.5,97459.0,4294.887,10.73
1985-07-01,7.88,7.4,107.7,97648.0,4386.773,10.19
1985-08-01,7.9,7.1,107.9,97840.0,4386.773,10.51
1985-09-01,7.92,7.1,108.1,98045.0,4386.773,10.399999999999999
1985-10-01,7.99,7.1,108.5,98233.0,4444.094,10.29
1985-11-01,8.05,7.0,109.0,98443.0,4444.094,9.98
1985-12-01,8.27,7.0,109.5,98609.0,4444.094,9.458
1986-01-01,8.14,6.7,109.9,98732.0,4507.894,8.936
1986-02-01,7.86,7.2,109.7,98847.0,4507.894,8.414
1986-03-01,7.48,7.2,109.1,98934.0,4507.894,7.892
1986-04-01,6.99,7.1,108.7,99121.0,4545.34,7.37
1986-05-01,6.85,7.2,109.0,99248.0,4545.34,7.45
1986-06-01,6.92,7.2,109.4,99155.0,4545.34,7.41
1986-07-01,6.56,7.0,109.5,99473.0,4607.669,7.37
1986-08-01,6.17,6.9,109.6,99588.0,4607.669,7.34
1986-09-01,5.89,7.0,110.0,99934.0,4607.669,7.375
1986-10-01,5.85,7.0,110.2,100121.0,4657.627,7.41
1986-11-01,6.04,6.9,110.4,100308.0,4657.627,7.295
1986-12-01,6.91,6.6,110.8,100509.0,4657.627,7.18
1987-01-01,6.43,6.6,111.4,100678.0,4722.156,7.2825
1987-02-01,6.1,6.6,111.8,100919.0,4722.156,7.385
1987-03-01,6.13,6.6,112.2,101164.0,4722.156,7.4875
1987-04-01,6.37,6.3,112.7,101499.0,4806.16,7.59
1987-05-01,6.85,6.3,113.0,101728.0,4806.16,8.39
1987-06-01,6.73,6.2,113.5,101900.0,4806.16,8.45
1987-07-01,6.58,6.1,113.8,102247.0,4884.555,8.36
1987-08-01,6.73,6.0,114.3,102420.0,4884.555,8.705
1987-09-01,7.22,5.9,114.7,102647.0,4884.555,9.05
1987-10-01,7.29,6.0,115.0,103138.0,5007.994,9.66
1987-11-01,6.69,5.8,115.4,103372.0,5007.994,9.335
1987-12-01,6.77,5.7,115.6,103661.0,5007.994,9.01
1988-01-01,6.83,5.7,116.0,103753.0,5073.372,8.635
1988-02-01,6.58,5.7,116.2,104214.0,5073.372,8.26
1988-03-01,6.58,5.7,116.5,104489.0,5073.372,8.15
1988-04-01,6.87,5.4,117.2,104732.0,5190.036,8.443333333333333
1988-05-01,7.09,5.6,117.5,104962.0,5190.036,8.736666666666666
1988-06-01,7.51,5.4,118.0,105326.0,5190.036,9.03
1988-07-01,7.75,5.4,118.5,105550.0,5282.835,8.77
1988-08-01,8.01,5.6,119.0,105674.0,5282.835,9.07
1988-09-01,8.19,5.4,119.5,106013.0,5282.835,9.25
1988-10-01,8.3,5.4,119.9,106276.0,5399.509,8.965
1988-11-01,8.35,5.3,120.3,106617.0,5399.509,8.68
1988-12-01,8.76,5.3,120.7,106898.0,5399.509,9.01
1989-01-01,9.12,5.4,121.2,107161.0,5511.253,9.0
1989-02-01,9.36,5.2,121.6,107427.0,5511.253,8.99
1989-03-01,9.85,5.0,122.2,107621.0,5511.253,9.36
1989-04-01,9.84,5.2,123.1,107791.0,5612.463,9.25
1989-05-01,9.81,5.2,123.7,107913.0,5612.463,9.14
1989-06-01,9.53,5.3,124.1,108027.0,5612.463,8.61
1989-07-01,9.24,5.2,124.5,108069.0,5695.365,8.175
1989-08-01,8.99,5.2,124.5,108120.0,5695.365,7.74
1989-09-01,9.02,5.3,124.8,108369.0,5695.365,8.19
1989-10-01,8.84,5.3,125.4,108476.0,5747.237,8.05
1989-11-01,8.55,5.4,125.9,108752.0,5747.237,7.91
1989-12-01,8.45,5.4,126.3,108836.0,5747.237,7.81
1990-01-01,8.23,5.4,127.5,109196.0,5872.701,8.115
1990-02-01,8.24,5.3,128.0,109436.0,5872.701,8.42
1990-03-01,8.28,5.2,128.6,109640.0,5872.701,8.59
1990-04-01,8.26,5.4,128.9,109674.0,5960.028,8.835
1990-05-01,8.18,5.4,129.1,109828.0,5960.028,9.08
1990-06-01,8.29,5.2,129.9,109850.0,5960.028,8.44
1990-07-01,8.15,5.5,130.5,109815.0,6015.116,8.364999999999998
1990-08-01,8.13,5.7,131.6,109606.0,6015.116,8.29
1990-09-01,8.2,5.9,132.5,109523.0,6015.116,8.5
1990-10-01,8.11,5.9,133.4,109377.0,6004.733,8.71
1990-11-01,7.81,6.2,133.7,109222.0,6004.733,8.57
1990-12-01,7.31,6.3,134.2,109168.0,6004.733,8.35
1991-01-01,6.91,6.4,134.7,109058.0,6035.178,8.13
1991-02-01,6.25,6.6,134.8,108735.0,6035.178,7.91
1991-03-01,6.12,6.8,134.8,108568.0,6035.178,8.12
1991-04-01,5.91,6.7,135.1,108350.0,6126.862,8.07
1991-05-01,5.78,6.9,135.6,108253.0,6126.862,8.01
1991-06-01,5.9,6.9,136.0,108330.0,6126.862,8.135
1991-07-01,5.82,6.8,136.2,108290.0,6205.937,8.26
1991-08-01,5.66,6.9,136.6,108299.0,6205.937,8.2
1991-09-01,5.45,6.9,137.0,108335.0,6205.937,7.824999999999999
1991-10-01,5.21,7.0,137.2,108361.0,6264.54,7.45
1991-11-01,4.81,7.0,137.8,108300.0,6264.54,7.48
1991-12-01,4.43,7.3,138.2,108330.0,6264.54,7.476
1992-01-01,4.03,7.3,138.3,108365.0,6363.102,7.472
1992-02-01,4.06,7.4,138.6,108313.0,6363.102,7.468
1992-03-01,3.98,7.4,139.1,108367.0,6363.102,7.464
1992-04-01,3.73,7.4,139.4,108517.0,6470.763,7.46
1992-05-01,3.82,7.6,139.7,108647.0,6470.763,7.56
1992-06-01,3.76,7.8,140.1,108707.0,6470.763,7.39
1992-07-01,3.25,7.7,140.5,108792.0,6566.641,7.1
1992-08-01,3.3,7.6,140.8,108916.0,6566.641,6.83
1992-09-01,3.22,7.6,141.1,108952.0,6566.641,6.56
1992-10-01,3.1,7.3,141.7,109138.0,6680.803,6.23
1992-11-01,3.09,7.4,142.1,109283.0,6680.803,6.585000000000001
1992-12-01,2.92,7.4,142.3,109502.0,6680.803,6.94
1993-01-01,3.02,7.3,142.8,109790.0,6729.459,6.66
1993-02-01,3.03,7.1,143.1,110048.0,6729.459,6.38
1993-03-01,3.07,7.0,143.3,110004.0,6729.459,5.94
1993-04-01,2.96,7.1,143.8,110300.0,6808.939,6.06
1993-05-01,3.0,7.1,144.2,110571.0,6808.939,6.0649999999999995
1993-06-01,3.04,7.0,144.3,110742.0,6808.939,6.07
1993-07-01,3.06,6.9,144.5,111054.0,6882.098,5.8
1993-08-01,3.03,6.8,144.8,111200.0,6882.098,5.63
1993-09-01,3.09,6.7,145.0,111449.0,6882.098,5.46
1993-10-01,2.99,6.8,145.6,111734.0,7013.738,5.34
1993-11-01,3.02,6.6,146.0,111988.0,7013.738,5.56
1993-12-01,2.96,6.5,146.3,112324.0,7013.738,5.82
1994-01-01,3.05,6.6,146.3,112601.0,7115.652,5.795
1994-02-01,3.25,6.6,146.7,112782.0,7115.652,5.77
1994-03-01,3.34,6.5,147.1,113245.0,7115.652,6.28
1994-04-01,3.56,6.4,147.2,113589.0,7246.931,6.5600000000000005
1994-05-01,4.01,6.1,147.5,113922.0,7246.931,6.84
1994-06-01,4.25,6.1,147.9,114239.0,7246.931,7.12
1994-07-01,4.26,6.1,148.4,114608.0,7331.075,7.34
1994-08-01,4.47,6.0,149.0,114903.0,7331.075,7.13
1994-09-01,4.73,5.9,149.3,115247.0,7331.075,7.19
1994-10-01,4.76,5.8,149.4,115457.0,7455.288,7.550000000000001
1994-11-01,5.29,5.6,149.8,115868.0,7455.288,7.91
1994-12-01,5.45,5.5,150.1,116173.0,7455.288,7.92
1995-01-01,5.53,5.6,150.5,116505.0,7522.289,7.79
1995-02-01,5.92,5.4,150.9,116694.0,7522.289,7.66
1995-03-01,5.98,5.4,151.2,116908.0,7522.289,7.23
1995-04-01,6.05,5.8,151.8,117065.0,7580.997,7.16
1995-05-01,6.01,5.6,152.1,117047.0,7580.997,7.09
1995-06-01,6.0,5.6,152.4,117291.0,7580.997,6.2
1995-07-01,5.85,5.7,152.6,117382.0,7683.125,6.35
1995-08-01,5.74,5.7,152.9,117646.0,7683.125,6.5
1995-09-01,5.8,5.6,153.1,117873.0,7683.125,6.22
1995-10-01,5.76,5.5,153.5,118026.0,7772.586,6.1
1995-11-01,5.8,5.6,153.7,118165.0,7772.586,5.98
1995-12-01,5.6,5.6,153.9,118325.0,7772.586,5.71
1996-01-01,5.56,5.6,154.7,118317.0,7868.468,5.67
1996-02-01,5.22,5.5,155.0,118737.0,7868.468,5.63
1996-03-01,5.31,5.5,155.5,118992.0,7868.468,5.99
1996-04-01,5.22,5.6,156.1,119158.0,8032.84,6.31
1996-05-01,5.24,5.6,156.4,119496.0,8032.84,6.68
1996-06-01,5.27,5.3,156.7,119770.0,8032.84,6.71
1996-07-01,5.4,5.5,157.0,120019.0,8131.408,6.74
1996-08-01,5.22,5.1,157.2,120198.0,8131.408,6.65
1996-09-01,5.3,5.2,157.7,120400.0,8131.408,6.65
1996-10-01,5.24,5.2,158.2,120665.0,8259.771,6.65
1996-11-01,5.31,5.4,158.7,120947.0,8259.771,6.38
1996-12-01,5.29,5.4,159.1,121143.0,8259.771,6.484
1997-01-01,5.25,5.3,159.4,121357.0,8362.655,6.588
1997-02-01,5.19,5.2,159.7,121674.0,8362.655,6.692
1997-03-01,5.39,5.2,159.8,121991.0,8362.655,6.796
1997-04-01,5.51,5.1,159.9,122288.0,8518.825,6.9
1997-05-01,5.5,4.9,159.9,122560.0,8518.825,6.69
1997-06-01,5.56,5.0,160.2,122816.0,8518.825,6.57
1997-07-01,5.52,4.9,160.4,123114.0,8662.823,6.45
1997-08-01,5.54,4.8,160.8,123086.0,8662.823,6.2
1997-09-01,5.54,4.9,161.2,123575.0,8662.823,6.12
1997-10-01,5.5,4.7,161.5,123924.0,8765.907,6.04
1997-11-01,5.52,4.6,161.7,124226.0,8765.907,5.95
1997-12-01,5.5,4.7,161.8,124549.0,8765.907,5.86
1998-01-01,5.56,4.6,162.0,124806.0,8866.48,5.800000000000001
1998-02-01,5.51,4.6,162.0,125017.0,8866.48,5.74
1998-03-01,5.49,4.7,162.0,125165.0,8866.48,5.68
1998-04-01,5.45,4.3,162.2,125446.0,8969.699,5.62
1998-05-01,5.49,4.4,162.6,125846.0,8969.699,5.67
1998-06-01,5.56,4.5,162.8,126076.0,8969.699,5.53
1998-07-01,5.54,4.5,163.2,126211.0,9121.097,5.44
1998-08-01,5.55,4.5,163.4,126546.0,9121.097,5.245
1998-09-01,5.51,4.6,163.5,126744.0,9121.097,5.05
1998-10-01,5.07,4.5,163.9,126948.0,9293.991,4.33
1998-11-01,4.83,4.4,164.1,127223.0,9293.991,4.5
1998-12-01,4.68,4.4,164.4,127595.0,9293.991,4.67
1999-01-01,4.63,4.3,164.7,127699.0,9411.682,4.71
1999-02-01,4.76,4.4,164.7,128118.0,9411.682,4.75
1999-03-01,4.81,4.2,164.8,128234.0,9411.682,5.4
1999-04-01,4.74,4.3,165.9,128596.0,9526.21,5.27
1999-05-01,4.74,4.2,166.0,128813.0,9526.21,5.525
1999-06-01,4.76,4.3,166.0,129084.0,9526.21,5.78
1999-07-01,4.99,4.3,166.7,129421.0,9686.626,5.85
1999-08-01,5.07,4.2,167.1,129572.0,9686.626,5.92
1999-09-01,5.22,4.2,167.8,129772.0,9686.626,5.99
1999-10-01,5.2,4.1,168.1,130178.0,9900.169,6.0
1999-11-01,5.42,4.1,168.4,130467.0,9900.169,6.06
1999-12-01,5.3,4.0,168.8,130783.0,9900.169,6.21
2000-01-01,5.45,4.0,169.3,131011.0,10002.179,6.415
2000-02-01,5.73,4.1,170.0,131121.0,10002.179,6.62
2000-03-01,5.85,4.0,171.0,131604.0,10002.179,6.39
2000-04-01,6.02,3.8,170.9,131883.0,10247.72,6.34
2000-05-01,6.27,4.0,171.2,132105.0,10247.72,6.29
2000-06-01,6.53,4.0,172.2,132062.0,10247.72,6.2
2000-07-01,6.54,4.0,172.7,132228.0,10318.165,6.1
2000-08-01,6.5,4.1,172.7,132234.0,10318.165,6.0
2000-09-01,6.52,3.9,173.6,132338.0,10318.165,5.68
2000-10-01,6.51,3.9,173.9,132352.0,10435.744,5.71
2000-11-01,6.51,3.9,174.2,132556.0,10435.744,5.74
2000-12-01,6.4,3.9,174.6,132716.0,10435.744,5.52
2001-01-01,5.98,4.2,175.6,132703.0,10470.231,5.31
2001-02-01,5.49,4.2,176.0,132788.0,10470.231,5.1
2001-03-01,5.31,4.3,176.1,132751.0,10470.231,4.87
2001-04-01,4.8,4.4,176.4,132457.0,10599.0,5.085
2001-05-01,4.21,4.3,177.3,132409.0,10599.0,5.3
2001-06-01,3.97,4.5,177.7,132299.0,10599.0,5.39
2001-07-01,3.77,4.6,177.4,132171.0,10598.02,5.25
2001-08-01,3.65,4.9,177.4,132021.0,10598.02,5.11
2001-09-01,3.07,5.0,178.1,131763.0,10598.02,4.83
2001-10-01,2.49,5.3,177.6,131452.0,10660.465,4.55
2001-11-01,2.09,5.5,177.5,131144.0,10660.465,4.24
2001-12-01,1.82,5.7,177.4,130983.0,10660.465,4.5
2002-01-01,1.73,5.7,177.7,130859.0,10783.5,4.76
2002-02-01,1.74,5.7,178.0,130736.0,10783.5,5.02
2002-03-01,1.73,5.7,178.5,130722.0,10783.5,4.98
2002-04-01,1.75,5.9,179.3,130615.0,10887.46,5.44
2002-05-01,1.75,5.8,179.5,130632.0,10887.46,5.08
2002-06-01,1.75,5.8,179.6,130673.0,10887.46,4.965
2002-07-01,1.73,5.8,180.0,130583.0,10984.04,4.85
2002-08-01,1.74,5.7,180.5,130582.0,10984.04,4.47
2002-09-01,1.75,5.7,180.8,130503.0,10984.04,4.095
2002-10-01,1.75,5.7,181.2,130617.0,11061.433,3.72
2002-11-01,1.34,5.9,181.5,130616.0,11061.433,4.01
2002-12-01,1.24,6.0,181.8,130465.0,11061.433,3.976
2003-01-01,1.24,5.8,182.6,130573.0,11174.129,3.9419999999999997
2003-02-01,1.26,5.9,183.6,130441.0,11174.129,3.908
2003-03-01,1.25,5.9,183.9,130235.0,11174.129,3.8739999999999997
2003-04-01,1.26,6.0,183.2,130172.0,11312.766,3.84
2003-05-01,1.26,6.1,182.9,130196.0,11312.766,3.88
2003-06-01,1.22,6.3,183.1,130185.0,11312.766,3.7199999999999998
2003-07-01,1.01,6.2,183.7,130184.0,11566.669,3.56
2003-08-01,1.03,6.1,184.5,130153.0,11566.669,4.44
2003-09-01,1.01,6.1,185.1,130253.0,11566.669,4.2
2003-10-01,1.01,6.0,184.9,130440.0,11772.234,3.96
2003-11-01,1.0,5.8,185.0,130481.0,11772.234,4.18
2003-12-01,0.98,5.7,185.5,130589.0,11772.234,4.4
2004-01-01,1.0,5.7,186.3,130756.0,11923.447,4.266666666666667
2004-02-01,1.01,5.6,186.7,130820.0,11923.447,4.133333333333334
2004-03-01,1.0,5.8,187.1,131139.0,11923.447,4.0
2004-04-01,1.0,5.6,187.4,131412.0,12112.815,3.91
2004-05-01,1.0,5.6,188.2,131697.0,12112.815,4.3100000000000005
2004-06-01,1.03,5.6,188.9,131794.0,12112.815,4.71
2004-07-01,1.26,5.5,189.1,131853.0,12305.307,4.57
2004-08-01,1.43,5.4,189.2,131940.0,12305.307,4.35
2004-09-01,1.61,5.4,189.8,132091.0,12305.307,4.13
2004-10-01,1.76,5.5,190.8,132431.0,12527.214,4.21
2004-11-01,1.93,5.4,191.7,132504.0,12527.214,4.11
2004-12-01,2.16,5.4,191.7,132629.0,12527.214,4.38
2005-01-01,2.28,5.3,191.6,132781.0,12767.286,4.265000000000001
2005-02-01,2.5,5.4,192.4,133033.0,12767.286,4.15
2005-03-01,2.63,5.2,193.1,133152.0,12767.286,4.38
2005-04-01,2.79,5.2,193.7,133519.0,12922.656,4.46
2005-05-01,3.0,5.1,193.6,133689.0,12922.656,4.1850000000000005
2005-06-01,3.04,5.0,193.7,133947.0,12922.656,3.91
2005-07-01,3.26,5.0,194.9,134300.0,13142.642,4.06
2005-08-01,3.5,4.9,196.1,134503.0,13142.642,4.32
2005-09-01,3.62,5.0,198.8,134554.0,13142.642,4.02
2005-10-01,3.78,5.0,199.1,134643.0,13324.204,4.3
2005-11-01,4.0,5.0,198.1,134999.0,13324.204,4.58
2005-12-01,4.16,4.9,198.1,135158.0,13324.204,4.52
2006-01-01,4.29,4.7,199.3,135426.0,13599.16,4.545
2006-02-01,4.49,4.8,199.4,135731.0,13599.16,4.57
2006-03-01,4.59,4.7,199.7,136036.0,13599.16,4.59
2006-04-01,4.79,4.7,200.7,136208.0,13753.424,4.865
2006-05-01,4.94,4.6,201.3,136249.0,13753.424,5.14
2006-06-01,4.99,4.6,201.8,136335.0,13753.424,5.11
2006-07-01,5.24,4.7,202.9,136529.0,13870.188,5.050000000000001
2006-08-01,5.25,4.7,203.8,136693.0,13870.188,4.99
2006-09-01,5.25,4.5,202.8,136829.0,13870.188,4.73
2006-10-01,5.25,4.4,201.9,136846.0,14039.56,4.65
2006-11-01,5.25,4.5,202.0,137061.0,14039.56,4.57
2006-12-01,5.24,4.4,203.1,137249.0,14039.56,4.43
2007-01-01,5.25,4.6,203.437,137472.0,14215.651,4.635
2007-02-01,5.26,4.5,204.226,137558.0,14215.651,4.84
2007-03-01,5.26,4.4,205.288,137782.0,14215.651,4.56
2007-04-01,5.25,4.5,205.904,137845.0,14402.082,4.6
2007-05-01,5.25,4.4,206.755,137993.0,14402.082,4.64
2007-06-01,5.25,4.6,207.234,138069.0,14402.082,4.95
2007-07-01,5.26,4.7,207.603,138044.0,14564.117,4.855
2007-08-01,5.02,4.6,207.667,138013.0,14564.117,4.76
2007-09-01,4.94,4.7,208.547,138101.0,14564.117,4.66
2007-10-01,4.76,4.7,209.19,138177.0,14715.058,4.56
2007-11-01,4.49,4.7,210.834,138291.0,14715.058,4.36
2007-12-01,4.24,5.0,211.445,138395.0,14715.058,4.113333333333333
2008-01-01,3.94,5.0,212.174,138391.0,14706.538,3.8666666666666667
2008-02-01,2.98,4.9,212.687,138327.0,14706.538,3.62
2008-03-01,2.61,5.1,213.448,138257.0,14706.538,3.5949999999999998
2008-04-01,2.28,5.0,213.942,138038.0,14865.701,3.57
2008-05-01,1.98,5.4,215.208,137851.0,14865.701,3.78
2008-06-01,2.0,5.6,217.463,137698.0,14865.701,3.8949999999999996
2008-07-01,2.01,5.8,219.016,137498.0,14898.999,4.01
2008-08-01,2.0,6.1,218.69,137211.0,14898.999,3.97
2008-09-01,1.81,6.1,218.877,136762.0,14898.999,3.87
2008-10-01,0.97,6.5,216.995,136293.0,14608.209,3.77
2008-11-01,0.39,6.8,213.153,135543.0,14608.209,3.245
2008-12-01,0.16,7.3,211.398,134847.0,14608.209,2.72
2009-01-01,0.15,7.8,211.933,134078.0,14430.902,2.71
2009-02-01,0.22,8.3,212.705,133317.0,14430.902,2.7
2009-03-01,0.18,8.7,212.495,132492.0,14430.902,2.6900000000000004
2009-04-01,0.15,9.0,212.709,131821.0,14381.236,2.68
2009-05-01,0.18,9.4,213.022,131468.0,14381.236,3.21
2009-06-01,0.21,9.5,214.79,131007.0,14381.236,3.71
2009-07-01,0.16,9.5,214.726,130662.0,14448.882,3.55
2009-08-01,0.16,9.6,215.445,130472.0,14448.882,3.465
2009-09-01,0.15,9.8,215.861,130247.0,14448.882,3.38
2009-10-01,0.12,10.0,216.509,130062.0,14651.249,3.21
2009-11-01,0.12,9.9,217.234,130058.0,14651.249,3.245
2009-12-01,0.12,9.9,217.347,129808.0,14651.249,3.28
2010-01-01,0.11,9.8,217.488,129802.0,14764.61,3.48
2010-02-01,0.13,9.8,217.281,129705.0,14764.61,3.68
2010-03-01,0.16,9.9,217.353,129865.0,14764.61,3.61
2010-04-01,0.2,9.9,217.403,130120.0,14980.193,3.89
2010-05-01,0.2,9.6,217.29,130643.0,14980.193,3.59
2010-06-01,0.18,9.4,217.199,130509.0,14980.193,3.29
2010-07-01,0.18,9.4,217.605,130415.0,15141.607,2.96
2010-08-01,0.19,9.5,217.923,130416.0,15141.607,2.77
2010-09-01,0.19,9.5,218.275,130342.0,15141.607,2.58
2010-10-01,0.19,9.4,219.035,130621.0,15309.474,2.54
2010-11-01,0.19,9.8,219.59,130749.0,15309.474,2.66
2010-12-01,0.18,9.3,220.472,130830.0,15309.474,2.97
2011-01-01,0.17,9.1,221.187,130837.0,15351.448,3.225
2011-02-01,0.16,9.0,221.898,131056.0,15351.448,3.48
2011-03-01,0.14,9.0,223.046,131282.0,15351.448,3.41
2011-04-01,0.1,9.1,224.093,131597.0,15557.539,3.46
2011-05-01,0.09,9.0,224.806,131704.0,15557.539,3.21
2011-06-01,0.09,9.1,224.806,131931.0,15557.539,2.96
2011-07-01,0.07,9.0,225.395,131993.0,15647.68,3.22
2011-08-01,0.1,9.0,226.106,132125.0,15647.68,2.77
2011-09-01,0.08,9.0,226.597,132344.0,15647.68,2.15
2011-10-01,0.07,8.8,226.75,132553.0,15842.259,2.08
2011-11-01,0.08,8.6,227.169,132690.0,15842.259,2.01
2011-12-01,0.07,8.5,227.223,132888.0,15842.259,2.11
2012-01-01,0.08,8.3,227.842,133245.0,16068.805,1.99
2012-02-01,0.1,8.3,228.329,133508.0,16068.805,1.87
2012-03-01,0.13,8.2,228.807,133748.0,16068.805,2.03
2012-04-01,0.14,8.2,229.187,133825.0,16207.115,2.005
2012-05-01,0.16,8.2,228.713,133933.0,16207.115,1.98
2012-06-01,0.16,8.2,228.524,134012.0,16207.115,1.47
2012-07-01,0.16,8.2,228.59,134157.0,16319.541,1.5150000000000001
2012-08-01,0.13,8.1,229.918,134338.0,16319.541,1.56
2012-09-01,0.14,7.8,231.015,134517.0,16319.541,1.6
2012-10-01,0.16,7.8,231.638,134668.0,16420.419,1.64
2012-11-01,0.16,7.7,231.249,134825.0,16420.419,1.75
2012-12-01,0.16,7.9,231.221,135074.0,16420.419,1.8466666666666667
2013-01-01,0.14,8.0,231.679,135257.0,16648.189,1.9433333333333334
2013-02-01,0.15,7.7,232.937,135545.0,16648.189,2.04
2013-03-01,0.14,7.5,232.282,135689.0,16648.189,1.86
2013-04-01,0.15,7.6,231.797,135873.0,16728.687,1.86
2013-05-01,0.11,7.5,231.893,136095.0,16728.687,1.66
2013-06-01,0.09,7.5,232.445,136279.0,16728.687,2.08
2013-07-01,0.09,7.3,232.9,136391.0,16953.838,2.5
2013-08-01,0.08,7.2,233.456,136646.0,16953.838,2.74
2013-09-01,0.08,7.2,233.544,136821.0,16953.838,2.7
2013-10-01,0.09,7.2,233.669,137041.0,17192.019,2.66
2013-11-01,0.08,6.9,234.1,137316.0,17192.019,2.65
2013-12-01,0.09,6.7,234.719,137373.0,17192.019,2.674
2014-01-01,0.07,6.6,235.288,137561.0,17197.738,2.698
2014-02-01,0.07,6.7,235.547,137712.0,17197.738,2.722
2014-03-01,0.08,6.7,236.028,137985.0,17197.738,2.746
2014-04-01,0.09,6.2,236.468,138297.0,17518.508,2.77
2014-05-01,0.09,6.3,236.918,138512.0,17518.508,2.63
2014-06-01,0.1,6.1,237.231,138849.0,17518.508,2.605
2014-07-01,0.09,6.2,237.498,139073.0,17804.228,2.58
2014-08-01,0.09,6.1,237.46,139269.0,17804.228,2.52
2014-09-01,0.09,5.9,237.477,139563.0,17804.228,2.4699999999999998
2014-10-01,0.09,5.7,237.43,139797.0,17912.079,2.42
2014-11-01,0.09,5.8,236.983,140090.0,17912.079,2.3200000000000003
2014-12-01,0.12,5.6,236.252,140364.0,17912.079,2.22
2015-01-01,0.11,5.7,234.747,140568.0,18063.529,2.1325000000000003
2015-02-01,0.11,5.5,235.342,140827.0,18063.529,2.045
2015-03-01,0.11,5.4,235.976,140923.0,18063.529,1.9575
2015-04-01,0.12,5.4,236.222,141196.0,18279.784,1.87
2015-05-01,0.12,5.6,237.001,141538.0,18279.784,2.12
2015-06-01,0.13,5.3,237.657,141709.0,18279.784,2.19
2015-07-01,0.13,5.2,238.034,141991.0,18401.626,2.43
2015-08-01,0.14,5.1,238.033,142125.0,18401.626,2.3
2015-09-01,0.14,5.0,237.498,142275.0,18401.626,2.17
2015-10-01,0.12,5.0,237.733,142579.0,18435.137,2.05
2015-11-01,0.12,5.1,238.017,142808.0,18435.137,2.0999999999999996
2015-12-01,0.24,5.0,237.761,143077.0,18435.137,2.15
2016-01-01,0.34,4.8,237.652,143210.0,18525.933,2.06
2016-02-01,0.38,4.9,237.336,143407.0,18525.933,1.97
2016-03-01,0.36,5.0,238.08,143662.0,18525.933,1.83
2016-04-01,0.37,5.1,238.992,143855.0,18711.702,1.79
2016-05-01,0.37,4.8,239.557,143900.0,18711.702,1.82
2016-06-01,0.38,4.9,240.222,144146.0,18711.702,1.85
2016-07-01,0.39,4.8,240.101,144520.0,18892.639,1.46
2016-08-01,0.4,4.9,240.545,144662.0,18892.639,1.51
2016-09-01,0.4,5.0,241.176,144967.0,18892.639,1.57
2016-10-01,0.4,4.9,241.741,145066.0,19089.379,1.7000000000000002
2016-11-01,0.41,4.7,242.026,145183.0,19089.379,1.83
2016-12-01,0.54,4.7,242.637,145408.0,19089.379,2.45
2017-01-01,0.65,4.7,243.618,145628.0,19280.084,2.465
2017-02-01,0.66,4.6,244.006,145848.0,19280.084,2.48
2017-03-01,0.79,4.4,243.892,145969.0,19280.084,2.46
2017-04-01,0.9,4.4,244.193,146174.0,19438.643,2.395
2017-05-01,0.91,4.4,244.004,146380.0,19438.643,2.33
2017-06-01,1.04,4.3,244.163,146583.0,19438.643,2.21
2017-07-01,1.15,4.3,244.243,146772.0,19692.595,2.235
2017-08-01,1.16,4.4,245.183,146919.0,19692.595,2.26
2017-09-01,1.15,4.3,246.435,147007.0,19692.595,2.16
2017-10-01,1.15,4.2,246.626,147150.0,20037.088,2.265
2017-11-01,1.16,4.2,247.284,147373.0,20037.088,2.37
2017-12-01,1.3,4.1,247.805,147523.0,20037.088,2.37
2018-01-01,1.41,4.0,248.859,147660.0,20328.553,2.575
2018-02-01,1.42,4.1,249.529,148054.0,20328.553,2.78
2018-03-01,1.51,4.0,249.577,148280.0,20328.553,2.81
2018-04-01,1.69,4.0,250.227,148422.0,20580.912,2.89
2018-05-01,1.7,3.8,250.792,148740.0,20580.912,2.97
2018-06-01,1.82,4.0,251.018,148959.0,20580.912,2.89
2018-07-01,1.91,3.8,251.214,149020.0,20798.73,2.9450000000000003
2018-08-01,1.91,3.8,251.663,149279.0,20798.73,3.0
2018-09-01,1.95,3.7,252.182,149358.0,20798.73,3.045
2018-10-01,2.19,3.8,252.772,149526.0,20917.867,3.09
2018-11-01,2.2,3.8,252.594,149617.0,20917.867,3.14
2018-12-01,2.27,3.9,252.767,149809.0,20917.867,2.9933333333333336
2019-01-01,2.4,4.0,252.561,150059.0,21111.6,2.8466666666666667
2019-02-01,2.4,3.8,253.319,150065.0,21111.6,2.7
2019-03-01,2.41,3.8,254.277,150295.0,21111.6,2.76
2019-04-01,2.42,3.7,255.233,150593.0,21397.938,2.49
2019-05-01,2.39,3.6,255.296,150621.0,21397.938,2.52
2019-06-01,2.38,3.6,255.213,150839.0,21397.938,2.275
2019-07-01,2.4,3.7,255.802,150936.0,21717.171,2.03
2019-08-01,2.13,3.6,256.036,151171.0,21717.171,1.9
2019-09-01,2.04,3.5,256.43,151365.0,21717.171,1.775
2019-10-01,1.83,3.6,257.155,151460.0,21933.217,1.65
2019-11-01,1.55,3.6,257.879,151668.0,21933.217,1.73
2019-12-01,1.55,3.6,258.63,151795.0,21933.217,1.508
2020-01-01,1.55,3.6,259.127,152031.0,21727.657,1.286
2020-02-01,1.58,3.5,259.25,152292.0,21727.657,1.064
2020-03-01,0.65,4.4,258.076,150895.0,21727.657,0.8420000000000001
2020-04-01,0.05,14.8,256.032,130424.0,19935.444,0.62
2020-05-01,0.05,13.2,255.802,133040.0,19935.444,0.64
2020-06-01,0.08,11.0,257.042,137671.0,19935.444,0.66
2020-07-01,0.09,10.2,258.352,139255.0,21684.551,0.69
2020-08-01,0.1,8.4,259.316,140819.0,21684.551,0.685
2020-09-01,0.09,7.8,259.997,141770.0,21684.551,0.68
2020-10-01,0.09,6.9,260.319,142461.0,22068.767,0.68
2020-11-01,0.09,6.7,260.911,142731.0,22068.767,0.8
2020-12-01,0.09,6.7,262.045,142548.0,22068.767,0.92
2021-01-01,0.09,6.4,262.639,142913.0,22656.793,1.0050000000000001
2021-02-01,0.08,6.2,263.573,143422.0,22656.793,1.09
2021-03-01,0.07,6.1,264.847,144246.0,22656.793,1.45
2021-04-01,0.07,6.1,266.625,144611.0,23368.861,1.69
2021-05-01,0.06,5.8,268.404,145032.0,23368.861,1.655
2021-06-01,0.08,5.9,270.71,145828.0,23368.861,1.62
2021-07-01,0.1,5.4,271.965,146759.0,23921.991,1.48
2021-08-01,0.09,5.1,272.752,147246.0,23921.991,1.395
2021-09-01,0.08,4.7,273.942,147712.0,23921.991,1.31
2021-10-01,0.08,4.5,276.528,148569.0,24777.038,1.48
2021-11-01,0.08,4.2,278.824,149206.0,24777.038,1.58
2021-12-01,0.08,3.9,280.806,149781.0,24777.038,1.43
2022-01-01,0.08,4.0,282.542,150006.0,25215.491,1.62
2022-02-01,0.08,3.8,284.525,150875.0,25215.491,1.81
2022-03-01,0.2,3.7,287.467,151346.0,25215.491,1.72
2022-04-01,0.33,3.7,288.582,151651.0,25805.791,2.39
2022-05-01,0.77,3.6,291.299,151892.0,25805.791,2.665
2022-06-01,1.21,3.6,295.072,152353.0,25805.791,2.94
2022-07-01,1.68,3.5,294.94,153049.0,26272.011,2.88
2022-08-01,2.33,3.6,295.162,153286.0,26272.011,2.6
2022-09-01,2.56,3.5,296.421,153513.0,26272.011,3.26
2022-10-01,3.08,3.6,297.979,153913.0,26734.277,3.665
2022-11-01,3.78,3.6,298.708,154210.0,26734.277,4.07
2022-12-01,4.1,3.5,298.808,154336.0,26734.277,3.53
2023-01-01,4.33,3.5,300.456,154780.0,27164.359,3.46
2023-02-01,4.57,3.6,301.476,155086.0,27164.359,3.39
2023-03-01,4.65,3.5,301.643,155171.0,27164.359,4.01
2023-04-01,4.83,3.4,302.858,155387.0,27453.815,3.8
2023-05-01,5.06,3.6,303.316,155614.0,27453.815,3.59
2023-06-01,5.08,3.6,304.099,155871.0,27453.815,3.61
2023-07-01,5.12,3.5,304.615,156019.0,27967.697,3.83
2023-08-01,5.33,3.7,306.138,156176.0,27967.697,4.05
2023-09-01,5.33,3.8,307.374,156334.0,27967.697,4.18
2023-10-01,5.33,3.9,307.653,156520.0,28296.967,4.475
2023-11-01,5.33,3.7,308.087,156661.0,28296.967,4.77
2023-12-01,5.33,3.8,308.735,156930.0,28296.967,4.22
2024-01-01,5.33,3.7,309.794,157049.0,28624.069,4.045
2024-02-01,5.33,3.9,311.022,157271.0,28624.069,3.87
2024-03-01,5.33,3.9,312.107,157517.0,28624.069,4.19
2024-04-01,5.33,3.9,313.016,157635.0,29016.714,4.33
2024-05-01,5.33,4.0,313.14,157828.0,29016.714,4.63
2024-06-01,5.33,4.1,313.131,157915.0,29016.714,4.555
2024-07-01,5.33,4.2,313.566,158003.0,29374.914,4.48
2024-08-01,5.33,4.2,314.131,158074.0,29374.914,3.99
2024-09-01,5.13,4.1,314.851,158314.0,29374.914,3.865
2024-10-01,4.83,4.1,315.564,158358.0,29723.864,3.74
2024-11-01,4.64,4.2,316.449,158619.0,29723.864,4.37
2024-12-01,4.48,4.1,317.603,158942.0,29723.864,4.33
2025-01-01,4.33,4.0,319.086,159053.0,29976.638,4.29
2025-02-01,4.33,4.1,319.775,159155.0,29976.638,4.25
2025-03-01,4.33,4.2,319.615,159275.0,29976.638,4.21
2025-04-01,4.33,4.2,320.321,159422.0,29976.638,4.17
2025-05-01,4.33,4.2,320.58,159561.0,29976.638,4.25
