date,rate,rate_change,rate_change_bps,decision,period
1954-07-01,0.8,,,HOLD,Other
1954-08-01,1.22,0.4199999999999999,41.99999999999999,HIKE,Other
1954-09-01,1.07,-0.1499999999999999,-14.999999999999991,CUT,Other
1954-10-01,0.85,-0.22,-22.000000000000007,CUT,Other
1954-11-01,0.83,-0.02,-2.0000000000000018,HOLD,Other
1954-12-01,1.28,0.45,45.00000000000001,HIKE,Other
1955-01-01,1.39,0.1099999999999998,10.999999999999988,HIKE,Other
1955-02-01,1.29,-0.0999999999999998,-9.999999999999986,CUT,Other
1955-03-01,1.35,0.06,6.000000000000005,HIKE,Other
1955-04-01,1.43,0.0799999999999998,7.999999999999985,HIKE,Other
1955-05-01,1.43,0.0,0.0,HOLD,Other
1955-06-01,1.64,0.2099999999999999,21.0,HIKE,Other
1955-07-01,1.68,0.04,4.000000000000004,HOLD,Other
1955-08-01,1.96,0.28,28.000000000000004,HIKE,Other
1955-09-01,2.18,0.2200000000000002,22.00000000000002,HIKE,Other
1955-10-01,2.24,0.06,6.000000000000005,HIKE,Other
1955-11-01,2.35,0.1099999999999998,10.999999999999988,HIKE,Other
1955-12-01,2.48,0.1299999999999999,12.99999999999999,HIKE,Other
1956-01-01,2.45,-0.0299999999999998,-2.9999999999999805,HOLD,Other
1956-02-01,2.5,0.0499999999999998,4.999999999999982,HOLD,Other
1956-03-01,2.5,0.0,0.0,HOLD,Other
1956-04-01,2.62,0.1200000000000001,12.00000000000001,HIKE,Other
1956-05-01,2.75,0.1299999999999999,12.99999999999999,HIKE,Other
1956-06-01,2.71,-0.04,-4.000000000000004,HOLD,Other
1956-07-01,2.75,0.04,4.000000000000004,HOLD,Other
1956-08-01,2.73,-0.02,-2.0000000000000018,HOLD,Other
1956-09-01,2.95,0.2200000000000002,22.00000000000002,HIKE,Other
1956-10-01,2.96,0.0099999999999997,0.9999999999999788,HOLD,Other
1956-11-01,2.88,-0.08,-8.000000000000007,CUT,Other
1956-12-01,2.94,0.06,6.000000000000005,HIKE,Other
1957-01-01,2.84,-0.1,-10.000000000000009,CUT,Other
1957-02-01,3.0,0.1600000000000001,16.000000000000014,HIKE,Other
1957-03-01,2.96,-0.04,-4.000000000000004,HOLD,Other
1957-04-01,3.0,0.04,4.000000000000004,HOLD,Other
1957-05-01,3.0,0.0,0.0,HOLD,Other
1957-06-01,3.0,0.0,0.0,HOLD,Other
1957-07-01,2.99,-0.0099999999999997,-0.9999999999999788,HOLD,Other
1957-08-01,3.24,0.25,25.0,HIKE,Other
1957-09-01,3.47,0.2299999999999999,23.0,HIKE,Other
1957-10-01,3.5,0.0299999999999998,2.9999999999999805,HOLD,Other
1957-11-01,3.28,-0.2200000000000002,-22.00000000000002,CUT,Other
1957-12-01,2.98,-0.2999999999999998,-29.999999999999982,CUT,Other
1958-01-01,2.72,-0.2599999999999998,-25.99999999999998,CUT,Other
1958-02-01,1.67,-1.0500000000000005,-105.00000000000004,CUT,Other
1958-03-01,1.2,-0.47,-47.0,CUT,Other
1958-04-01,1.26,0.06,6.000000000000005,HIKE,Other
1958-05-01,0.63,-0.63,-63.0,CUT,Other
1958-06-01,0.93,0.3,30.000000000000004,HIKE,Other
1958-07-01,0.68,-0.25,-25.0,CUT,Other
1958-08-01,1.53,0.85,85.0,HIKE,Other
1958-09-01,1.76,0.2299999999999999,23.0,HIKE,Other
1958-10-01,1.8,0.04,4.000000000000004,HOLD,Other
1958-11-01,2.27,0.47,47.0,HIKE,Other
1958-12-01,2.42,0.1499999999999999,14.999999999999991,HIKE,Other
1959-01-01,2.48,0.06,6.000000000000005,HIKE,Other
1959-02-01,2.43,-0.0499999999999998,-4.999999999999982,HOLD,Other
1959-03-01,2.8,0.3699999999999996,36.999999999999964,HIKE,Other
1959-04-01,2.96,0.1600000000000001,16.000000000000014,HIKE,Other
1959-05-01,2.9,-0.06,-6.000000000000005,CUT,Other
1959-06-01,3.39,0.4900000000000002,49.00000000000002,HIKE,Other
1959-07-01,3.47,0.08,8.000000000000007,HIKE,Other
1959-08-01,3.5,0.0299999999999998,2.9999999999999805,HOLD,Other
1959-09-01,3.76,0.2599999999999998,25.99999999999998,HIKE,Other
1959-10-01,3.98,0.2200000000000002,22.00000000000002,HIKE,Other
1959-11-01,4.0,0.02,2.0000000000000018,HOLD,Other
1959-12-01,3.99,-0.0099999999999997,-0.9999999999999788,HOLD,Other
1960-01-01,3.99,0.0,0.0,HOLD,Other
1960-02-01,3.97,-0.02,-2.0000000000000018,HOLD,Other
1960-03-01,3.84,-0.1300000000000003,-13.000000000000034,CUT,Other
1960-04-01,3.92,0.08,8.000000000000007,HIKE,Other
1960-05-01,3.85,-0.0699999999999998,-6.999999999999984,CUT,Other
1960-06-01,3.32,-0.5300000000000002,-53.00000000000003,CUT,Other
1960-07-01,3.23,-0.0899999999999998,-8.999999999999986,CUT,Other
1960-08-01,2.98,-0.25,-25.0,CUT,Other
1960-09-01,2.6,-0.3799999999999999,-37.99999999999999,CUT,Other
1960-10-01,2.47,-0.1299999999999999,-12.99999999999999,CUT,Other
1960-11-01,2.44,-0.0300000000000002,-3.000000000000025,HOLD,Other
1960-12-01,1.98,-0.4599999999999999,-46.0,CUT,Other
1961-01-01,1.45,-0.53,-53.0,CUT,Other
1961-02-01,2.54,1.09,109.0,HIKE,Other
1961-03-01,2.02,-0.52,-52.0,CUT,Other
1961-04-01,1.49,-0.53,-53.0,CUT,Other
1961-05-01,1.98,0.49,49.0,HIKE,Other
1961-06-01,1.73,-0.25,-25.0,CUT,Other
1961-07-01,1.17,-0.56,-56.00000000000001,CUT,Other
1961-08-01,2.0,0.8300000000000001,83.0,HIKE,Other
1961-09-01,1.88,-0.1200000000000001,-12.00000000000001,CUT,Other
1961-10-01,2.26,0.3799999999999999,37.99999999999999,HIKE,Other
1961-11-01,2.61,0.3500000000000001,35.00000000000001,HIKE,Other
1961-12-01,2.33,-0.2799999999999998,-27.99999999999998,CUT,Other
1962-01-01,2.15,-0.1800000000000001,-18.000000000000014,CUT,Other
1962-02-01,2.37,0.2200000000000002,22.00000000000002,HIKE,Other
1962-03-01,2.85,0.48,48.0,HIKE,Other
1962-04-01,2.78,-0.0700000000000002,-7.000000000000028,CUT,Other
1962-05-01,2.36,-0.4199999999999999,-41.99999999999999,CUT,Other
1962-06-01,2.68,0.3200000000000003,32.00000000000003,HIKE,Other
1962-07-01,2.71,0.0299999999999998,2.9999999999999805,HOLD,Other
1962-08-01,2.93,0.2200000000000002,22.00000000000002,HIKE,Other
1962-09-01,2.9,-0.0300000000000002,-3.000000000000025,HOLD,Other
1962-10-01,2.9,0.0,0.0,HOLD,Other
1962-11-01,2.94,0.04,4.000000000000004,HOLD,Other
1962-12-01,2.93,-0.0099999999999997,-0.9999999999999788,HOLD,Other
1963-01-01,2.92,-0.0100000000000002,-1.000000000000023,HOLD,Other
1963-02-01,3.0,0.08,8.000000000000007,HIKE,Other
1963-03-01,2.98,-0.02,-2.0000000000000018,HOLD,Other
1963-04-01,2.9,-0.08,-8.000000000000007,CUT,Other
1963-05-01,3.0,0.1,10.000000000000009,HIKE,Other
1963-06-01,2.99,-0.0099999999999997,-0.9999999999999788,HOLD,Other
1963-07-01,3.02,0.0299999999999998,2.9999999999999805,HOLD,Other
1963-08-01,3.49,0.4700000000000002,47.00000000000002,HIKE,Other
1963-09-01,3.48,-0.0100000000000002,-1.000000000000023,HOLD,Other
1963-10-01,3.5,0.02,2.0000000000000018,HOLD,Other
1963-11-01,3.48,-0.02,-2.0000000000000018,HOLD,Other
1963-12-01,3.38,-0.1,-10.000000000000009,CUT,Other
1964-01-01,3.48,0.1,10.000000000000009,HIKE,Other
1964-02-01,3.48,0.0,0.0,HOLD,Other
1964-03-01,3.43,-0.0499999999999998,-4.999999999999982,HOLD,Other
1964-04-01,3.47,0.04,4.000000000000004,HOLD,Other
1964-05-01,3.5,0.0299999999999998,2.9999999999999805,HOLD,Other
1964-06-01,3.5,0.0,0.0,HOLD,Other
1964-07-01,3.42,-0.08,-8.000000000000007,CUT,Other
1964-08-01,3.5,0.08,8.000000000000007,HIKE,Other
1964-09-01,3.45,-0.0499999999999998,-4.999999999999982,HOLD,Other
1964-10-01,3.36,-0.0900000000000003,-9.00000000000003,CUT,Other
1964-11-01,3.52,0.1600000000000001,16.000000000000014,HIKE,Other
1964-12-01,3.85,0.33,33.00000000000001,HIKE,Other
1965-01-01,3.9,0.0499999999999998,4.999999999999982,HOLD,Other
1965-02-01,3.98,0.08,8.000000000000007,HIKE,Other
1965-03-01,4.05,0.0699999999999998,6.999999999999984,HIKE,Other
1965-04-01,4.09,0.04,4.000000000000004,HOLD,Other
1965-05-01,4.1,0.0099999999999997,0.9999999999999788,HOLD,Other
1965-06-01,4.05,-0.0499999999999998,-4.999999999999982,HOLD,Other
1965-07-01,4.09,0.04,4.000000000000004,HOLD,Other
1965-08-01,4.12,0.0300000000000002,3.000000000000025,HOLD,Other
1965-09-01,4.02,-0.1000000000000005,-10.000000000000052,CUT,Other
1965-10-01,4.08,0.0600000000000005,6.00000000000005,HIKE,Other
1965-11-01,4.1,0.0199999999999995,1.9999999999999571,HOLD,Other
1965-12-01,4.32,0.2200000000000006,22.000000000000064,HIKE,Other
1966-01-01,4.42,0.0999999999999996,9.999999999999964,HIKE,Other
1966-02-01,4.6,0.1799999999999997,17.99999999999997,HIKE,Other
1966-03-01,4.66,0.0600000000000005,6.00000000000005,HIKE,Other
1966-04-01,4.67,0.0099999999999997,0.9999999999999788,HOLD,Other
1966-05-01,4.9,0.2300000000000004,23.000000000000043,HIKE,Other
1966-06-01,5.17,0.2699999999999996,26.99999999999996,HIKE,Other
1966-07-01,5.3,0.1299999999999999,12.99999999999999,HIKE,Other
1966-08-01,5.53,0.2300000000000004,23.000000000000043,HIKE,Other
1966-09-01,5.4,-0.1299999999999999,-12.99999999999999,CUT,Other
1966-10-01,5.53,0.1299999999999999,12.99999999999999,HIKE,Other
1966-11-01,5.76,0.2299999999999995,22.999999999999957,HIKE,Other
1966-12-01,5.4,-0.3599999999999994,-35.99999999999994,CUT,Other
1967-01-01,4.94,-0.4599999999999999,-46.0,CUT,Other
1967-02-01,5.0,0.0599999999999996,5.999999999999961,HIKE,Other
1967-03-01,4.53,-0.4699999999999997,-46.99999999999997,CUT,Other
1967-04-01,4.05,-0.4800000000000004,-48.00000000000004,CUT,Other
1967-05-01,3.94,-0.1099999999999998,-10.999999999999988,CUT,Other
1967-06-01,3.98,0.04,4.000000000000004,HOLD,Other
1967-07-01,3.79,-0.1899999999999999,-18.999999999999996,CUT,Other
1967-08-01,3.9,0.1099999999999998,10.999999999999988,HIKE,Other
1967-09-01,3.99,0.0900000000000003,9.00000000000003,HIKE,Other
1967-10-01,3.88,-0.1100000000000003,-11.000000000000032,CUT,Other
1967-11-01,4.13,0.25,25.0,HIKE,Other
1967-12-01,4.51,0.3799999999999999,37.99999999999999,HIKE,Other
1968-01-01,4.61,0.1000000000000005,10.000000000000052,HIKE,Other
1968-02-01,4.71,0.0999999999999996,9.999999999999964,HIKE,Other
1968-03-01,5.05,0.3399999999999998,33.999999999999986,HIKE,Other
1968-04-01,5.76,0.71,71.0,HIKE,Other
1968-05-01,6.12,0.3600000000000003,36.00000000000003,HIKE,Other
1968-06-01,6.07,-0.0499999999999998,-4.999999999999982,HOLD,Other
1968-07-01,6.03,-0.04,-4.000000000000004,HOLD,Other
1968-08-01,6.03,0.0,0.0,HOLD,Other
1968-09-01,5.78,-0.25,-25.0,CUT,Other
1968-10-01,5.91,0.1299999999999999,12.99999999999999,HIKE,Other
1968-11-01,5.82,-0.0899999999999998,-8.999999999999986,CUT,Other
1968-12-01,6.02,0.1999999999999993,19.99999999999993,HIKE,Other
1969-01-01,6.3,0.2800000000000002,28.000000000000025,HIKE,Other
1969-02-01,6.61,0.3100000000000005,31.00000000000005,HIKE,Other
1969-03-01,6.79,0.1799999999999997,17.99999999999997,HIKE,Other
1969-04-01,7.41,0.6200000000000001,62.000000000000014,HIKE,Other
1969-05-01,8.67,1.2599999999999998,125.99999999999996,HIKE,Other
1969-06-01,8.9,0.2300000000000004,23.000000000000043,HIKE,Other
1969-07-01,8.61,-0.2900000000000009,-29.00000000000009,CUT,Other
1969-08-01,9.19,0.5800000000000001,58.00000000000001,HIKE,Other
1969-09-01,9.15,-0.0399999999999991,-3.9999999999999143,HOLD,Other
1969-10-01,9.0,-0.1500000000000003,-15.000000000000036,CUT,Other
1969-11-01,8.85,-0.1500000000000003,-15.000000000000036,CUT,Other
1969-12-01,8.97,0.120000000000001,12.0000000000001,HIKE,Other
1970-01-01,8.98,0.0099999999999997,0.9999999999999788,HOLD,Other
1970-02-01,8.98,0.0,0.0,HOLD,Other
1970-03-01,7.76,-1.2200000000000006,-122.00000000000006,CUT,Other
1970-04-01,8.1,0.3399999999999998,33.999999999999986,HIKE,Other
1970-05-01,7.95,-0.1499999999999994,-14.999999999999948,CUT,Other
1970-06-01,7.61,-0.3399999999999998,-33.999999999999986,CUT,Other
1970-07-01,7.21,-0.4000000000000003,-40.00000000000004,CUT,Other
1970-08-01,6.62,-0.5899999999999999,-58.99999999999999,CUT,Other
1970-09-01,6.29,-0.33,-33.00000000000001,CUT,Other
1970-10-01,6.2,-0.0899999999999998,-8.999999999999986,CUT,Other
1970-11-01,5.6,-0.6000000000000005,-60.00000000000006,CUT,Other
1970-12-01,4.9,-0.6999999999999993,-69.99999999999993,CUT,Other
1971-01-01,4.14,-0.7600000000000007,-76.00000000000007,CUT,Other
1971-02-01,3.72,-0.4199999999999995,-41.99999999999995,CUT,Other
1971-03-01,3.71,-0.0100000000000002,-1.000000000000023,HOLD,Other
1971-04-01,4.16,0.4500000000000002,45.000000000000014,HIKE,Other
1971-05-01,4.63,0.4699999999999997,46.99999999999997,HIKE,Other
1971-06-01,4.91,0.2800000000000002,28.000000000000025,HIKE,Other
1971-07-01,5.31,0.3999999999999994,39.99999999999994,HIKE,Other
1971-08-01,5.57,0.2600000000000007,26.000000000000068,HIKE,Other
1971-09-01,5.55,-0.0200000000000004,-2.000000000000046,HOLD,Other
1971-10-01,5.2,-0.3499999999999996,-34.999999999999964,CUT,Other
1971-11-01,4.91,-0.29,-29.000000000000004,CUT,Other
1971-12-01,4.14,-0.7700000000000005,-77.00000000000004,CUT,Other
1972-01-01,3.51,-0.6299999999999999,-62.99999999999999,CUT,Other
1972-02-01,3.3,-0.2099999999999999,-21.0,CUT,Other
1972-03-01,3.83,0.5300000000000002,53.00000000000003,HIKE,Other
1972-04-01,4.17,0.3399999999999998,33.999999999999986,HIKE,Other
1972-05-01,4.27,0.0999999999999996,9.999999999999964,HIKE,Other
1972-06-01,4.46,0.1900000000000004,19.00000000000004,HIKE,Other
1972-07-01,4.55,0.0899999999999998,8.999999999999986,HIKE,Other
1972-08-01,4.81,0.2599999999999998,25.99999999999998,HIKE,Other
1972-09-01,4.87,0.0600000000000005,6.00000000000005,HIKE,Other
1972-10-01,5.05,0.1799999999999997,17.99999999999997,HIKE,Other
1972-11-01,5.06,0.0099999999999997,0.9999999999999788,HOLD,Other
1972-12-01,5.33,0.2700000000000004,27.00000000000005,HIKE,Other
1973-01-01,5.94,0.6100000000000003,61.00000000000003,HIKE,Other
1973-02-01,6.58,0.6399999999999997,63.99999999999997,HIKE,Other
1973-03-01,7.09,0.5099999999999998,50.99999999999998,HIKE,Other
1973-04-01,7.12,0.0300000000000002,3.000000000000025,HOLD,Other
1973-05-01,7.84,0.7199999999999998,71.99999999999997,HIKE,Other
1973-06-01,8.49,0.6500000000000004,65.00000000000003,HIKE,Other
1973-07-01,10.4,1.91,191.0,HIKE,Other
1973-08-01,10.5,0.0999999999999996,9.999999999999964,HIKE,Other
1973-09-01,10.78,0.2799999999999993,27.999999999999936,HIKE,Other
1973-10-01,10.01,-0.7699999999999996,-76.99999999999996,CUT,Other
1973-11-01,10.03,0.0199999999999995,1.9999999999999571,HOLD,Other
1973-12-01,9.95,-0.08,-8.000000000000007,CUT,Other
1974-01-01,9.65,-0.2999999999999989,-29.999999999999893,CUT,Other
1974-02-01,8.97,-0.6799999999999997,-67.99999999999997,CUT,Other
1974-03-01,9.35,0.379999999999999,37.9999999999999,HIKE,Other
1974-04-01,10.51,1.16,116.0,HIKE,Other
1974-05-01,11.31,0.8000000000000007,80.00000000000007,HIKE,Other
1974-06-01,11.93,0.6199999999999992,61.99999999999992,HIKE,Other
1974-07-01,12.92,0.9900000000000002,99.00000000000004,HIKE,Other
1974-08-01,12.01,-0.91,-91.0,CUT,Other
1974-09-01,11.34,-0.6699999999999999,-67.0,CUT,Other
1974-10-01,10.06,-1.2799999999999994,-127.99999999999994,CUT,Other
1974-11-01,9.45,-0.6100000000000012,-61.00000000000012,CUT,Other
1974-12-01,8.53,-0.92,-92.0,CUT,Other
1975-01-01,7.13,-1.3999999999999997,-139.99999999999994,CUT,Other
1975-02-01,6.24,-0.8899999999999997,-88.99999999999997,CUT,Other
1975-03-01,5.54,-0.7000000000000002,-70.00000000000001,CUT,Other
1975-04-01,5.49,-0.0499999999999998,-4.999999999999982,HOLD,Other
1975-05-01,5.22,-0.2700000000000004,-27.00000000000005,CUT,Other
1975-06-01,5.55,0.33,33.00000000000001,HIKE,Other
1975-07-01,6.1,0.5499999999999998,54.99999999999999,HIKE,Other
1975-08-01,6.14,0.04,4.000000000000004,HOLD,Other
1975-09-01,6.24,0.1000000000000005,10.000000000000052,HIKE,Other
1975-10-01,5.82,-0.4199999999999999,-41.99999999999999,CUT,Other
1975-11-01,5.22,-0.6000000000000005,-60.00000000000006,CUT,Other
1975-12-01,5.2,-0.0199999999999995,-1.9999999999999571,HOLD,Other
1976-01-01,4.87,-0.33,-33.00000000000001,CUT,Other
1976-02-01,4.77,-0.1000000000000005,-10.000000000000052,CUT,Other
1976-03-01,4.84,0.0700000000000002,7.000000000000028,HIKE,Other
1976-04-01,4.82,-0.0199999999999995,-1.9999999999999571,HOLD,Other
1976-05-01,5.29,0.4699999999999997,46.99999999999997,HIKE,Other
1976-06-01,5.48,0.1900000000000004,19.00000000000004,HIKE,Other
1976-07-01,5.31,-0.1700000000000008,-17.00000000000008,CUT,Other
1976-08-01,5.29,-0.0199999999999995,-1.9999999999999571,HOLD,Other
1976-09-01,5.25,-0.04,-4.000000000000004,HOLD,Other
1976-10-01,5.02,-0.2300000000000004,-23.000000000000043,CUT,Other
1976-11-01,4.95,-0.0699999999999994,-6.99999999999994,CUT,Other
1976-12-01,4.65,-0.2999999999999998,-29.999999999999982,CUT,Other
1977-01-01,4.61,-0.04,-4.000000000000004,HOLD,Other
1977-02-01,4.68,0.0699999999999994,6.99999999999994,HIKE,Other
1977-03-01,4.69,0.0100000000000006,1.0000000000000675,HOLD,Other
1977-04-01,4.73,0.04,4.000000000000004,HOLD,Other
1977-05-01,5.35,0.6199999999999992,61.99999999999992,HIKE,Other
1977-06-01,5.39,0.04,4.000000000000004,HOLD,Other
1977-07-01,5.42,0.0300000000000002,3.000000000000025,HOLD,Other
1977-08-01,5.9,0.4800000000000004,48.00000000000004,HIKE,Other
1977-09-01,6.14,0.2399999999999993,23.99999999999993,HIKE,Other
1977-10-01,6.47,0.33,33.00000000000001,HIKE,Other
1977-11-01,6.51,0.04,4.000000000000004,HOLD,Other
1977-12-01,6.56,0.0499999999999998,4.999999999999982,HOLD,Other
1978-01-01,6.7,0.1400000000000005,14.000000000000057,HIKE,Other
1978-02-01,6.78,0.08,8.000000000000007,HIKE,Other
1978-03-01,6.79,0.0099999999999997,0.9999999999999788,HOLD,Other
1978-04-01,6.89,0.0999999999999996,9.999999999999964,HIKE,Other
1978-05-01,7.36,0.4700000000000006,47.000000000000064,HIKE,Other
1978-06-01,7.6,0.2399999999999993,23.99999999999993,HIKE,Other
1978-07-01,7.81,0.2099999999999999,21.0,HIKE,Other
1978-08-01,8.04,0.2299999999999995,22.999999999999957,HIKE,Other
1978-09-01,8.45,0.4100000000000001,41.000000000000014,HIKE,Other
1978-10-01,8.96,0.5100000000000016,51.00000000000016,HIKE,Other
1978-11-01,9.76,0.7999999999999989,79.99999999999989,HIKE,Other
1978-12-01,10.03,0.2699999999999996,26.99999999999996,HIKE,Other
1979-01-01,10.07,0.0400000000000009,4.000000000000092,HOLD,Other
1979-02-01,10.06,-0.0099999999999997,-0.9999999999999788,HOLD,Other
1979-03-01,10.09,0.0299999999999993,2.999999999999936,HOLD,Other
1979-04-01,10.01,-0.08,-8.000000000000007,CUT,Other
1979-05-01,10.24,0.2300000000000004,23.000000000000043,HIKE,Other
1979-06-01,10.29,0.0499999999999989,4.999999999999893,HOLD,Other
1979-07-01,10.47,0.1800000000000015,18.00000000000015,HIKE,Other
1979-08-01,10.94,0.4699999999999988,46.999999999999886,HIKE,Other
1979-09-01,11.43,0.4900000000000002,49.00000000000002,HIKE,Other
1979-10-01,13.77,2.34,234.0,HIKE,Other
1979-11-01,13.18,-0.5899999999999999,-58.99999999999999,CUT,Other
1979-12-01,13.78,0.5999999999999996,59.999999999999964,HIKE,Other
1980-01-01,13.82,0.0400000000000009,4.000000000000092,HOLD,Other
1980-02-01,14.13,0.3100000000000005,31.00000000000005,HIKE,Other
1980-03-01,17.19,3.0600000000000005,306.00000000000006,HIKE,Other
1980-04-01,17.61,0.4199999999999981,41.999999999999815,HIKE,Other
1980-05-01,10.98,-6.629999999999999,-662.9999999999999,CUT,Other
1980-06-01,9.47,-1.5099999999999998,-150.99999999999997,CUT,Other
1980-07-01,9.03,-0.4400000000000013,-44.00000000000013,CUT,Other
1980-08-01,9.61,0.5800000000000001,58.00000000000001,HIKE,Other
1980-09-01,10.87,1.2599999999999998,125.99999999999996,HIKE,Other
1980-10-01,12.81,1.9400000000000013,194.0000000000001,HIKE,Other
1980-11-01,15.85,3.039999999999999,303.9999999999999,HIKE,Other
1980-12-01,18.9,3.049999999999999,304.9999999999999,HIKE,Other
1981-01-01,19.08,0.1799999999999997,17.99999999999997,HIKE,Other
1981-02-01,15.93,-3.1499999999999986,-314.9999999999999,CUT,Other
1981-03-01,14.7,-1.2300000000000004,-123.00000000000004,CUT,Other
1981-04-01,15.72,1.0200000000000014,102.00000000000014,HIKE,Other
1981-05-01,18.52,2.799999999999999,279.9999999999999,HIKE,Other
1981-06-01,19.1,0.5800000000000018,58.000000000000185,HIKE,Other
1981-07-01,19.04,-0.0600000000000022,-6.000000000000227,CUT,Other
1981-08-01,17.82,-1.2199999999999989,-121.99999999999989,CUT,Other
1981-09-01,15.87,-1.950000000000001,-195.0000000000001,CUT,Other
1981-10-01,15.08,-0.7899999999999991,-78.99999999999991,CUT,Other
1981-11-01,13.31,-1.7699999999999996,-176.99999999999994,CUT,Other
1981-12-01,12.37,-0.9400000000000012,-94.00000000000011,CUT,Other
1982-01-01,13.22,0.8500000000000014,85.00000000000014,HIKE,Other
1982-02-01,14.78,1.5599999999999987,155.9999999999999,HIKE,Other
1982-03-01,14.68,-0.0999999999999996,-9.999999999999964,CUT,Other
1982-04-01,14.94,0.2599999999999998,25.99999999999998,HIKE,Other
1982-05-01,14.45,-0.4900000000000002,-49.00000000000002,CUT,Other
1982-06-01,14.15,-0.2999999999999989,-29.999999999999893,CUT,Other
1982-07-01,12.59,-1.5600000000000005,-156.00000000000006,CUT,Other
1982-08-01,10.12,-2.4700000000000006,-247.00000000000009,CUT,Other
1982-09-01,10.31,0.1900000000000012,19.000000000000128,HIKE,Other
1982-10-01,9.71,-0.5999999999999996,-59.999999999999964,CUT,Other
1982-11-01,9.2,-0.5100000000000016,-51.00000000000016,CUT,Other
1982-12-01,8.95,-0.25,-25.0,CUT,Other
1983-01-01,8.68,-0.2699999999999996,-26.99999999999996,CUT,Other
1983-02-01,8.51,-0.1699999999999999,-16.999999999999993,CUT,Other
1983-03-01,8.77,0.2599999999999998,25.99999999999998,HIKE,Other
1983-04-01,8.8,0.0300000000000011,3.0000000000001137,HOLD,Other
1983-05-01,8.63,-0.1699999999999999,-16.999999999999993,CUT,Other
1983-06-01,8.98,0.3499999999999996,34.999999999999964,HIKE,Other
1983-07-01,9.37,0.3899999999999988,38.99999999999988,HIKE,Other
1983-08-01,9.56,0.1900000000000012,19.000000000000128,HIKE,Other
1983-09-01,9.45,-0.1100000000000012,-11.00000000000012,CUT,Other
1983-10-01,9.48,0.0300000000000011,3.0000000000001137,HOLD,Other
1983-11-01,9.34,-0.1400000000000005,-14.000000000000057,CUT,Other
1983-12-01,9.47,0.1300000000000007,13.000000000000078,HIKE,Other
1984-01-01,9.56,0.0899999999999998,8.999999999999986,HIKE,Other
1984-02-01,9.59,0.0299999999999993,2.999999999999936,HOLD,Other
1984-03-01,9.91,0.3200000000000003,32.00000000000003,HIKE,Other
1984-04-01,10.29,0.379999999999999,37.9999999999999,HIKE,Other
1984-05-01,10.32,0.0300000000000011,3.0000000000001137,HOLD,Other
1984-06-01,11.06,0.7400000000000002,74.00000000000003,HIKE,Other
1984-07-01,11.23,0.1699999999999999,16.999999999999993,HIKE,Other
1984-08-01,11.64,0.4100000000000001,41.000000000000014,HIKE,Other
1984-09-01,11.3,-0.3399999999999998,-33.999999999999986,CUT,Other
1984-10-01,9.99,-1.3100000000000005,-131.00000000000006,CUT,Other
1984-11-01,9.43,-0.5600000000000005,-56.00000000000005,CUT,Other
1984-12-01,8.38,-1.049999999999999,-104.99999999999989,CUT,Other
1985-01-01,8.35,-0.0300000000000011,-3.0000000000001137,HOLD,Other
1985-02-01,8.5,0.1500000000000003,15.000000000000036,HIKE,Other
1985-03-01,8.58,0.08,8.000000000000007,HIKE,Other
1985-04-01,8.27,-0.3100000000000005,-31.00000000000005,CUT,Other
1985-05-01,7.97,-0.2999999999999998,-29.999999999999982,CUT,Other
1985-06-01,7.53,-0.4399999999999995,-43.99999999999995,CUT,Other
1985-07-01,7.88,0.3499999999999996,34.999999999999964,HIKE,Other
1985-08-01,7.9,0.0200000000000004,2.000000000000046,HOLD,Other
1985-09-01,7.92,0.0199999999999995,1.9999999999999571,HOLD,Other
1985-10-01,7.99,0.0700000000000002,7.000000000000028,HIKE,Other
1985-11-01,8.05,0.0600000000000005,6.00000000000005,HIKE,Other
1985-12-01,8.27,0.2199999999999988,21.999999999999886,HIKE,Other
1986-01-01,8.14,-0.129999999999999,-12.9999999999999,CUT,Other
1986-02-01,7.86,-0.2800000000000002,-28.000000000000025,CUT,Other
1986-03-01,7.48,-0.3799999999999999,-37.99999999999999,CUT,Other
1986-04-01,6.99,-0.4900000000000002,-49.00000000000002,CUT,Other
1986-05-01,6.85,-0.1400000000000005,-14.000000000000057,CUT,Other
1986-06-01,6.92,0.0700000000000002,7.000000000000028,HIKE,Other
1986-07-01,6.56,-0.3600000000000003,-36.00000000000003,CUT,Other
1986-08-01,6.17,-0.3899999999999997,-38.99999999999997,CUT,Other
1986-09-01,5.89,-0.2800000000000002,-28.000000000000025,CUT,Other
1986-10-01,5.85,-0.04,-4.000000000000004,HOLD,Other
1986-11-01,6.04,0.1900000000000004,19.00000000000004,HIKE,Other
1986-12-01,6.91,0.8700000000000001,87.00000000000001,HIKE,Other
1987-01-01,6.43,-0.4800000000000004,-48.00000000000004,CUT,Other
1987-02-01,6.1,-0.33,-33.00000000000001,CUT,Other
1987-03-01,6.13,0.0300000000000002,3.000000000000025,HOLD,Other
1987-04-01,6.37,0.2400000000000002,24.00000000000002,HIKE,Other
1987-05-01,6.85,0.4799999999999995,47.99999999999996,HIKE,Other
1987-06-01,6.73,-0.1199999999999992,-11.999999999999922,CUT,Other
1987-07-01,6.58,-0.1500000000000003,-15.000000000000036,CUT,Other
1987-08-01,6.73,0.1500000000000003,15.000000000000036,HIKE,Other
1987-09-01,7.22,0.4899999999999993,48.99999999999993,HIKE,Other
1987-10-01,7.29,0.0700000000000002,7.000000000000028,HIKE,Other
1987-11-01,6.69,-0.5999999999999996,-59.999999999999964,CUT,Other
1987-12-01,6.77,0.0799999999999991,7.999999999999918,HIKE,Other
1988-01-01,6.83,0.0600000000000005,6.00000000000005,HIKE,Other
1988-02-01,6.58,-0.25,-25.0,CUT,Other
1988-03-01,6.58,0.0,0.0,HOLD,Other
1988-04-01,6.87,0.29,29.000000000000004,HIKE,Other
1988-05-01,7.09,0.2199999999999997,21.99999999999997,HIKE,Other
1988-06-01,7.51,0.4199999999999999,41.99999999999999,HIKE,Other
1988-07-01,7.75,0.2400000000000002,24.00000000000002,HIKE,Other
1988-08-01,8.01,0.2599999999999998,25.99999999999998,HIKE,Other
1988-09-01,8.19,0.1799999999999997,17.99999999999997,HIKE,Other
1988-10-01,8.3,0.1100000000000012,11.00000000000012,HIKE,Other
1988-11-01,8.35,0.0499999999999989,4.999999999999893,HOLD,Other
1988-12-01,8.76,0.4100000000000001,41.000000000000014,HIKE,Other
1989-01-01,9.12,0.3599999999999994,35.99999999999994,HIKE,Other
1989-02-01,9.36,0.2400000000000002,24.00000000000002,HIKE,Other
1989-03-01,9.85,0.4900000000000002,49.00000000000002,HIKE,Other
1989-04-01,9.84,-0.0099999999999997,-0.9999999999999788,HOLD,Other
1989-05-01,9.81,-0.0299999999999993,-2.999999999999936,HOLD,Other
1989-06-01,9.53,-0.2800000000000011,-28.000000000000117,CUT,Other
1989-07-01,9.24,-0.2899999999999991,-28.999999999999915,CUT,Other
1989-08-01,8.99,-0.25,-25.0,CUT,Other
1989-09-01,9.02,0.0299999999999993,2.999999999999936,HOLD,Other
1989-10-01,8.84,-0.1799999999999997,-17.99999999999997,CUT,Other
1989-11-01,8.55,-0.2899999999999991,-28.999999999999915,CUT,Other
1989-12-01,8.45,-0.1000000000000014,-10.000000000000142,CUT,Other
1990-01-01,8.23,-0.2199999999999988,-21.999999999999886,CUT,Other
1990-02-01,8.24,0.0099999999999997,0.9999999999999788,HOLD,Other
1990-03-01,8.28,0.0399999999999991,3.9999999999999143,HOLD,Other
1990-04-01,8.26,-0.0199999999999995,-1.9999999999999571,HOLD,Other
1990-05-01,8.18,-0.08,-8.000000000000007,CUT,Other
1990-06-01,8.29,0.1099999999999994,10.999999999999943,HIKE,Other
1990-07-01,8.15,-0.1399999999999988,-13.99999999999988,CUT,Other
1990-08-01,8.13,-0.0199999999999995,-1.9999999999999571,HOLD,Other
1990-09-01,8.2,0.0699999999999985,6.999999999999851,HIKE,Other
1990-10-01,8.11,-0.0899999999999998,-8.999999999999986,CUT,Other
1990-11-01,7.81,-0.2999999999999998,-29.999999999999982,CUT,Other
1990-12-01,7.31,-0.5,-50.0,CUT,Other
1991-01-01,6.91,-0.3999999999999994,-39.99999999999994,CUT,Other
1991-02-01,6.25,-0.6600000000000001,-66.00000000000001,CUT,Other
1991-03-01,6.12,-0.1299999999999999,-12.99999999999999,CUT,Other
1991-04-01,5.91,-0.2099999999999999,-21.0,CUT,Other
1991-05-01,5.78,-0.1299999999999999,-12.99999999999999,CUT,Other
1991-06-01,5.9,0.1200000000000001,12.00000000000001,HIKE,Other
1991-07-01,5.82,-0.08,-8.000000000000007,CUT,Other
1991-08-01,5.66,-0.1600000000000001,-16.000000000000014,CUT,Other
1991-09-01,5.45,-0.2099999999999999,-21.0,CUT,Other
1991-10-01,5.21,-0.2400000000000002,-24.00000000000002,CUT,Other
1991-11-01,4.81,-0.4000000000000003,-40.00000000000004,CUT,Other
1991-12-01,4.43,-0.3799999999999999,-37.99999999999999,CUT,Other
1992-01-01,4.03,-0.3999999999999994,-39.99999999999994,CUT,Other
1992-02-01,4.06,0.0299999999999993,2.999999999999936,HOLD,Other
1992-03-01,3.98,-0.0799999999999996,-7.999999999999963,CUT,Other
1992-04-01,3.73,-0.25,-25.0,CUT,Other
1992-05-01,3.82,0.0899999999999998,8.999999999999986,HIKE,Other
1992-06-01,3.76,-0.06,-6.000000000000005,CUT,Other
1992-07-01,3.25,-0.5099999999999998,-50.99999999999998,CUT,Other
1992-08-01,3.3,0.0499999999999998,4.999999999999982,HOLD,Other
1992-09-01,3.22,-0.0799999999999996,-7.999999999999963,CUT,Other
1992-10-01,3.1,-0.1200000000000001,-12.00000000000001,CUT,Other
1992-11-01,3.09,-0.0100000000000002,-1.000000000000023,HOLD,Other
1992-12-01,2.92,-0.1699999999999999,-16.999999999999993,CUT,Other
1993-01-01,3.02,0.1,10.000000000000009,HIKE,Other
1993-02-01,3.03,0.0099999999999997,0.9999999999999788,HOLD,Other
1993-03-01,3.07,0.04,4.000000000000004,HOLD,Other
1993-04-01,2.96,-0.1099999999999998,-10.999999999999988,CUT,Other
1993-05-01,3.0,0.04,4.000000000000004,HOLD,Other
1993-06-01,3.04,0.04,4.000000000000004,HOLD,Other
1993-07-01,3.06,0.02,2.0000000000000018,HOLD,Other
1993-08-01,3.03,-0.0300000000000002,-3.000000000000025,HOLD,Other
1993-09-01,3.09,0.06,6.000000000000005,HIKE,Other
1993-10-01,2.99,-0.0999999999999996,-9.999999999999964,CUT,Other
1993-11-01,3.02,0.0299999999999998,2.9999999999999805,HOLD,Other
1993-12-01,2.96,-0.06,-6.000000000000005,CUT,Other
1994-01-01,3.05,0.0899999999999998,8.999999999999986,HIKE,Other
1994-02-01,3.25,0.2000000000000001,20.000000000000018,HIKE,Other
1994-03-01,3.34,0.0899999999999998,8.999999999999986,HIKE,Other
1994-04-01,3.56,0.2200000000000002,22.00000000000002,HIKE,Other
1994-05-01,4.01,0.4499999999999997,44.99999999999997,HIKE,Other
1994-06-01,4.25,0.2400000000000002,24.00000000000002,HIKE,Other
1994-07-01,4.26,0.0099999999999997,0.9999999999999788,HOLD,Other
1994-08-01,4.47,0.2099999999999999,21.0,HIKE,Other
1994-09-01,4.73,0.2600000000000007,26.000000000000068,HIKE,Other
1994-10-01,4.76,0.0299999999999993,2.999999999999936,HOLD,Other
1994-11-01,5.29,0.5300000000000002,53.00000000000003,HIKE,Other
1994-12-01,5.45,0.1600000000000001,16.000000000000014,HIKE,Other
1995-01-01,5.53,0.08,8.000000000000007,HIKE,Other
1995-02-01,5.92,0.3899999999999997,38.99999999999997,HIKE,Other
1995-03-01,5.98,0.0600000000000005,6.00000000000005,HIKE,Other
1995-04-01,6.05,0.0699999999999994,6.99999999999994,HIKE,Other
1995-05-01,6.01,-0.04,-4.000000000000004,HOLD,Other
1995-06-01,6.0,-0.0099999999999997,-0.9999999999999788,HOLD,Other
1995-07-01,5.85,-0.1500000000000003,-15.000000000000036,CUT,Other
1995-08-01,5.74,-0.1099999999999994,-10.999999999999943,CUT,Other
1995-09-01,5.8,0.0599999999999996,5.999999999999961,HIKE,Other
1995-10-01,5.76,-0.04,-4.000000000000004,HOLD,Other
1995-11-01,5.8,0.04,4.000000000000004,HOLD,Other
1995-12-01,5.6,-0.2000000000000001,-20.000000000000018,CUT,Other
1996-01-01,5.56,-0.04,-4.000000000000004,HOLD,Other
1996-02-01,5.22,-0.3399999999999998,-33.999999999999986,CUT,Other
1996-03-01,5.31,0.0899999999999998,8.999999999999986,HIKE,Other
1996-04-01,5.22,-0.0899999999999998,-8.999999999999986,CUT,Other
1996-05-01,5.24,0.0200000000000004,2.000000000000046,HOLD,Other
1996-06-01,5.27,0.0299999999999993,2.999999999999936,HOLD,Other
1996-07-01,5.4,0.1300000000000007,13.000000000000078,HIKE,Other
1996-08-01,5.22,-0.1800000000000006,-18.00000000000006,CUT,Other
1996-09-01,5.3,0.08,8.000000000000007,HIKE,Other
1996-10-01,5.24,-0.0599999999999996,-5.999999999999961,CUT,Other
1996-11-01,5.31,0.0699999999999994,6.99999999999994,HIKE,Other
1996-12-01,5.29,-0.0199999999999995,-1.9999999999999571,HOLD,Other
1997-01-01,5.25,-0.04,-4.000000000000004,HOLD,Other
1997-02-01,5.19,-0.0599999999999996,-5.999999999999961,CUT,Other
1997-03-01,5.39,0.1999999999999993,19.99999999999993,HIKE,Other
1997-04-01,5.51,0.1200000000000001,12.00000000000001,HIKE,Other
1997-05-01,5.5,-0.0099999999999997,-0.9999999999999788,HOLD,Other
1997-06-01,5.56,0.0599999999999996,5.999999999999961,HIKE,Other
1997-07-01,5.52,-0.04,-4.000000000000004,HOLD,Other
1997-08-01,5.54,0.0200000000000004,2.000000000000046,HOLD,Other
1997-09-01,5.54,0.0,0.0,HOLD,Other
1997-10-01,5.5,-0.04,-4.000000000000004,HOLD,Other
1997-11-01,5.52,0.0199999999999995,1.9999999999999571,HOLD,Other
1997-12-01,5.5,-0.0199999999999995,-1.9999999999999571,HOLD,Other
1998-01-01,5.56,0.0599999999999996,5.999999999999961,HIKE,Other
1998-02-01,5.51,-0.0499999999999998,-4.999999999999982,HOLD,Other
1998-03-01,5.49,-0.0199999999999995,-1.9999999999999571,HOLD,Other
1998-04-01,5.45,-0.04,-4.000000000000004,HOLD,Other
1998-05-01,5.49,0.04,4.000000000000004,HOLD,Other
1998-06-01,5.56,0.0699999999999994,6.99999999999994,HIKE,Other
1998-07-01,5.54,-0.0199999999999995,-1.9999999999999571,HOLD,Other
1998-08-01,5.55,0.0099999999999997,0.9999999999999788,HOLD,Other
1998-09-01,5.51,-0.04,-4.000000000000004,HOLD,Other
1998-10-01,5.07,-0.4399999999999995,-43.99999999999995,CUT,Other
1998-11-01,4.83,-0.2400000000000002,-24.00000000000002,CUT,Other
1998-12-01,4.68,-0.1500000000000003,-15.000000000000036,CUT,Other
1999-01-01,4.63,-0.0499999999999998,-4.999999999999982,HOLD,Other
1999-02-01,4.76,0.1299999999999999,12.99999999999999,HIKE,Other
1999-03-01,4.81,0.0499999999999998,4.999999999999982,HOLD,Other
1999-04-01,4.74,-0.0699999999999994,-6.99999999999994,CUT,Other
1999-05-01,4.74,0.0,0.0,HOLD,Other
1999-06-01,4.76,0.0199999999999995,1.9999999999999571,HOLD,Other
1999-07-01,4.99,0.2300000000000004,23.000000000000043,HIKE,Other
1999-08-01,5.07,0.08,8.000000000000007,HIKE,Other
1999-09-01,5.22,0.1499999999999994,14.999999999999948,HIKE,Other
1999-10-01,5.2,-0.0199999999999995,-1.9999999999999571,HOLD,Other
1999-11-01,5.42,0.2199999999999997,21.99999999999997,HIKE,Other
1999-12-01,5.3,-0.1200000000000001,-12.00000000000001,CUT,Other
2000-01-01,5.45,0.1500000000000003,15.000000000000036,HIKE,Other
2000-02-01,5.73,0.2800000000000002,28.000000000000025,HIKE,Other
2000-03-01,5.85,0.1199999999999992,11.999999999999922,HIKE,Other
2000-04-01,6.02,0.1699999999999999,16.999999999999993,HIKE,Other
2000-05-01,6.27,0.25,25.0,HIKE,Other
2000-06-01,6.53,0.2600000000000007,26.000000000000068,HIKE,Other
2000-07-01,6.54,0.0099999999999997,0.9999999999999788,HOLD,Other
2000-08-01,6.5,-0.04,-4.000000000000004,HOLD,Other
2000-09-01,6.52,0.0199999999999995,1.9999999999999571,HOLD,Other
2000-10-01,6.51,-0.0099999999999997,-0.9999999999999788,HOLD,Other
2000-11-01,6.51,0.0,0.0,HOLD,Other
2000-12-01,6.4,-0.1099999999999994,-10.999999999999943,CUT,Other
2001-01-01,5.98,-0.4199999999999999,-41.99999999999999,CUT,Other
2001-02-01,5.49,-0.4900000000000002,-49.00000000000002,CUT,Other
2001-03-01,5.31,-0.1800000000000006,-18.00000000000006,CUT,Other
2001-04-01,4.8,-0.5099999999999998,-50.99999999999998,CUT,Other
2001-05-01,4.21,-0.5899999999999999,-58.99999999999999,CUT,Other
2001-06-01,3.97,-0.2399999999999997,-23.99999999999998,CUT,Other
2001-07-01,3.77,-0.2000000000000001,-20.000000000000018,CUT,Other
2001-08-01,3.65,-0.1200000000000001,-12.00000000000001,CUT,Other
2001-09-01,3.07,-0.5800000000000001,-58.00000000000001,CUT,Other
2001-10-01,2.49,-0.5799999999999996,-57.999999999999964,CUT,Other
2001-11-01,2.09,-0.4000000000000003,-40.00000000000004,CUT,Other
2001-12-01,1.82,-0.2699999999999998,-26.99999999999998,CUT,Other
2002-01-01,1.73,-0.09,-9.000000000000007,CUT,Other
2002-02-01,1.74,0.01,1.0000000000000009,HOLD,Other
2002-03-01,1.73,-0.01,-1.0000000000000009,HOLD,Other
2002-04-01,1.75,0.02,2.0000000000000018,HOLD,Other
2002-05-01,1.75,0.0,0.0,HOLD,Other
2002-06-01,1.75,0.0,0.0,HOLD,Other
2002-07-01,1.73,-0.02,-2.0000000000000018,HOLD,Other
2002-08-01,1.74,0.01,1.0000000000000009,HOLD,Other
2002-09-01,1.75,0.01,1.0000000000000009,HOLD,Other
2002-10-01,1.75,0.0,0.0,HOLD,Other
2002-11-01,1.34,-0.4099999999999999,-40.99999999999999,CUT,Other
2002-12-01,1.24,-0.1,-10.000000000000009,CUT,Other
2003-01-01,1.24,0.0,0.0,HOLD,Other
2003-02-01,1.26,0.02,2.0000000000000018,HOLD,Other
2003-03-01,1.25,-0.01,-1.0000000000000009,HOLD,Other
2003-04-01,1.26,0.01,1.0000000000000009,HOLD,Other
2003-05-01,1.26,0.0,0.0,HOLD,Other
2003-06-01,1.22,-0.04,-4.000000000000004,HOLD,Other
2003-07-01,1.01,-0.2099999999999999,-21.0,CUT,Other
2003-08-01,1.03,0.02,2.0000000000000018,HOLD,Other
2003-09-01,1.01,-0.02,-2.0000000000000018,HOLD,Other
2003-10-01,1.01,0.0,0.0,HOLD,Other
2003-11-01,1.0,-0.01,-1.0000000000000009,HOLD,Other
2003-12-01,0.98,-0.02,-2.0000000000000018,HOLD,Other
2004-01-01,1.0,0.02,2.0000000000000018,HOLD,Pre-Crisis (2004-2006)
2004-02-01,1.01,0.01,1.0000000000000009,HOLD,Pre-Crisis (2004-2006)
2004-03-01,1.0,-0.01,-1.0000000000000009,HOLD,Pre-Crisis (2004-2006)
2004-04-01,1.0,0.0,0.0,HOLD,Pre-Crisis (2004-2006)
2004-05-01,1.0,0.0,0.0,HOLD,Pre-Crisis (2004-2006)
2004-06-01,1.03,0.03,3.0000000000000027,HOLD,Pre-Crisis (2004-2006)
2004-07-01,1.26,0.2299999999999999,23.0,HIKE,Pre-Crisis (2004-2006)
2004-08-01,1.43,0.1699999999999999,16.999999999999993,HIKE,Pre-Crisis (2004-2006)
2004-09-01,1.61,0.1800000000000001,18.000000000000014,HIKE,Pre-Crisis (2004-2006)
2004-10-01,1.76,0.1499999999999999,14.999999999999991,HIKE,Pre-Crisis (2004-2006)
2004-11-01,1.93,0.1699999999999999,16.999999999999993,HIKE,Pre-Crisis (2004-2006)
2004-12-01,2.16,0.2300000000000002,23.00000000000002,HIKE,Pre-Crisis (2004-2006)
2005-01-01,2.28,0.1199999999999996,11.999999999999966,HIKE,Pre-Crisis (2004-2006)
2005-02-01,2.5,0.2200000000000002,22.00000000000002,HIKE,Pre-Crisis (2004-2006)
2005-03-01,2.63,0.1299999999999999,12.99999999999999,HIKE,Pre-Crisis (2004-2006)
2005-04-01,2.79,0.1600000000000001,16.000000000000014,HIKE,Pre-Crisis (2004-2006)
2005-05-01,3.0,0.2099999999999999,21.0,HIKE,Pre-Crisis (2004-2006)
2005-06-01,3.04,0.04,4.000000000000004,HOLD,Pre-Crisis (2004-2006)
2005-07-01,3.26,0.2199999999999997,21.99999999999997,HIKE,Pre-Crisis (2004-2006)
2005-08-01,3.5,0.2400000000000002,24.00000000000002,HIKE,Pre-Crisis (2004-2006)
2005-09-01,3.62,0.1200000000000001,12.00000000000001,HIKE,Pre-Crisis (2004-2006)
2005-10-01,3.78,0.1599999999999997,15.99999999999997,HIKE,Pre-Crisis (2004-2006)
2005-11-01,4.0,0.2200000000000002,22.00000000000002,HIKE,Pre-Crisis (2004-2006)
2005-12-01,4.16,0.1600000000000001,16.000000000000014,HIKE,Pre-Crisis (2004-2006)
2006-01-01,4.29,0.1299999999999999,12.99999999999999,HIKE,Pre-Crisis (2004-2006)
2006-02-01,4.49,0.2000000000000001,20.000000000000018,HIKE,Pre-Crisis (2004-2006)
2006-03-01,4.59,0.0999999999999996,9.999999999999964,HIKE,Pre-Crisis (2004-2006)
2006-04-01,4.79,0.2000000000000001,20.000000000000018,HIKE,Pre-Crisis (2004-2006)
2006-05-01,4.94,0.1500000000000003,15.000000000000036,HIKE,Pre-Crisis (2004-2006)
2006-06-01,4.99,0.0499999999999998,4.999999999999982,HOLD,Pre-Crisis (2004-2006)
2006-07-01,5.24,0.25,25.0,HIKE,Pre-Crisis (2004-2006)
2006-08-01,5.25,0.0099999999999997,0.9999999999999788,HOLD,Pre-Crisis (2004-2006)
2006-09-01,5.25,0.0,0.0,HOLD,Pre-Crisis (2004-2006)
2006-10-01,5.25,0.0,0.0,HOLD,Pre-Crisis (2004-2006)
2006-11-01,5.25,0.0,0.0,HOLD,Pre-Crisis (2004-2006)
2006-12-01,5.24,-0.0099999999999997,-0.9999999999999788,HOLD,Pre-Crisis (2004-2006)
2007-01-01,5.25,0.0099999999999997,0.9999999999999788,HOLD,Financial Crisis (2007-2009)
2007-02-01,5.26,0.0099999999999997,0.9999999999999788,HOLD,Financial Crisis (2007-2009)
2007-03-01,5.26,0.0,0.0,HOLD,Financial Crisis (2007-2009)
2007-04-01,5.25,-0.0099999999999997,-0.9999999999999788,HOLD,Financial Crisis (2007-2009)
2007-05-01,5.25,0.0,0.0,HOLD,Financial Crisis (2007-2009)
2007-06-01,5.25,0.0,0.0,HOLD,Financial Crisis (2007-2009)
2007-07-01,5.26,0.0099999999999997,0.9999999999999788,HOLD,Financial Crisis (2007-2009)
2007-08-01,5.02,-0.2400000000000002,-24.00000000000002,CUT,Financial Crisis (2007-2009)
2007-09-01,4.94,-0.0799999999999991,-7.999999999999918,CUT,Financial Crisis (2007-2009)
2007-10-01,4.76,-0.1800000000000006,-18.00000000000006,CUT,Financial Crisis (2007-2009)
2007-11-01,4.49,-0.2699999999999996,-26.99999999999996,CUT,Financial Crisis (2007-2009)
2007-12-01,4.24,-0.25,-25.0,CUT,Financial Crisis (2007-2009)
2008-01-01,3.94,-0.3000000000000002,-30.00000000000003,CUT,Financial Crisis (2007-2009)
2008-02-01,2.98,-0.96,-96.0,CUT,Financial Crisis (2007-2009)
2008-03-01,2.61,-0.3700000000000001,-37.000000000000014,CUT,Financial Crisis (2007-2009)
2008-04-01,2.28,-0.33,-33.00000000000001,CUT,Financial Crisis (2007-2009)
2008-05-01,1.98,-0.2999999999999998,-29.999999999999982,CUT,Financial Crisis (2007-2009)
2008-06-01,2.0,0.02,2.0000000000000018,HOLD,Financial Crisis (2007-2009)
2008-07-01,2.01,0.0099999999999997,0.9999999999999788,HOLD,Financial Crisis (2007-2009)
2008-08-01,2.0,-0.0099999999999997,-0.9999999999999788,HOLD,Financial Crisis (2007-2009)
2008-09-01,1.81,-0.1899999999999999,-18.999999999999996,CUT,Financial Crisis (2007-2009)
2008-10-01,0.97,-0.8400000000000001,-84.00000000000001,CUT,Financial Crisis (2007-2009)
2008-11-01,0.39,-0.58,-57.99999999999999,CUT,Financial Crisis (2007-2009)
2008-12-01,0.16,-0.23,-23.0,CUT,Financial Crisis (2007-2009)
2009-01-01,0.15,-0.01,-1.0000000000000009,HOLD,Financial Crisis (2007-2009)
2009-02-01,0.22,0.07,7.000000000000001,HIKE,Financial Crisis (2007-2009)
2009-03-01,0.18,-0.04,-4.000000000000001,HOLD,Financial Crisis (2007-2009)
2009-04-01,0.15,-0.03,-3.0,HOLD,Financial Crisis (2007-2009)
2009-05-01,0.18,0.03,3.0,HOLD,Financial Crisis (2007-2009)
2009-06-01,0.21,0.03,3.0,HOLD,Financial Crisis (2007-2009)
2009-07-01,0.16,-0.0499999999999999,-4.999999999999999,HOLD,Financial Crisis (2007-2009)
2009-08-01,0.16,0.0,0.0,HOLD,Financial Crisis (2007-2009)
2009-09-01,0.15,-0.01,-1.0000000000000009,HOLD,Financial Crisis (2007-2009)
2009-10-01,0.12,-0.03,-3.0,HOLD,Financial Crisis (2007-2009)
2009-11-01,0.12,0.0,0.0,HOLD,Financial Crisis (2007-2009)
2009-12-01,0.12,0.0,0.0,HOLD,Financial Crisis (2007-2009)
2010-01-01,0.11,-0.0099999999999999,-0.9999999999999996,HOLD,Recovery (2010-2015)
2010-02-01,0.13,0.02,2.0000000000000004,HOLD,Recovery (2010-2015)
2010-03-01,0.16,0.03,3.0,HOLD,Recovery (2010-2015)
2010-04-01,0.2,0.04,4.000000000000001,HOLD,Recovery (2010-2015)
2010-05-01,0.2,0.0,0.0,HOLD,Recovery (2010-2015)
2010-06-01,0.18,-0.02,-2.0000000000000018,HOLD,Recovery (2010-2015)
2010-07-01,0.18,0.0,0.0,HOLD,Recovery (2010-2015)
2010-08-01,0.19,0.01,1.0000000000000009,HOLD,Recovery (2010-2015)
2010-09-01,0.19,0.0,0.0,HOLD,Recovery (2010-2015)
2010-10-01,0.19,0.0,0.0,HOLD,Recovery (2010-2015)
2010-11-01,0.19,0.0,0.0,HOLD,Recovery (2010-2015)
2010-12-01,0.18,-0.01,-1.0000000000000009,HOLD,Recovery (2010-2015)
2011-01-01,0.17,-0.0099999999999999,-0.999999999999998,HOLD,Recovery (2010-2015)
2011-02-01,0.16,-0.01,-1.0000000000000009,HOLD,Recovery (2010-2015)
2011-03-01,0.14,-0.0199999999999999,-1.9999999999999991,HOLD,Recovery (2010-2015)
2011-04-01,0.1,-0.04,-4.000000000000001,HOLD,Recovery (2010-2015)
2011-05-01,0.09,-0.01,-1.0000000000000009,HOLD,Recovery (2010-2015)
2011-06-01,0.09,0.0,0.0,HOLD,Recovery (2010-2015)
2011-07-01,0.07,-0.0199999999999999,-1.9999999999999991,HOLD,Recovery (2010-2015)
2011-08-01,0.1,0.03,3.0,HOLD,Recovery (2010-2015)
2011-09-01,0.08,-0.02,-2.0000000000000004,HOLD,Recovery (2010-2015)
2011-10-01,0.07,-0.0099999999999999,-0.9999999999999996,HOLD,Recovery (2010-2015)
2011-11-01,0.08,0.0099999999999999,0.9999999999999996,HOLD,Recovery (2010-2015)
2011-12-01,0.07,-0.0099999999999999,-0.9999999999999996,HOLD,Recovery (2010-2015)
2012-01-01,0.08,0.0099999999999999,0.9999999999999996,HOLD,Recovery (2010-2015)
2012-02-01,0.1,0.02,2.0000000000000004,HOLD,Recovery (2010-2015)
2012-03-01,0.13,0.03,3.0,HOLD,Recovery (2010-2015)
2012-04-01,0.14,0.01,1.0000000000000009,HOLD,Recovery (2010-2015)
2012-05-01,0.16,0.0199999999999999,1.9999999999999991,HOLD,Recovery (2010-2015)
2012-06-01,0.16,0.0,0.0,HOLD,Recovery (2010-2015)
2012-07-01,0.16,0.0,0.0,HOLD,Recovery (2010-2015)
2012-08-01,0.13,-0.03,-3.0,HOLD,Recovery (2010-2015)
2012-09-01,0.14,0.01,1.0000000000000009,HOLD,Recovery (2010-2015)
2012-10-01,0.16,0.0199999999999999,1.9999999999999991,HOLD,Recovery (2010-2015)
2012-11-01,0.16,0.0,0.0,HOLD,Recovery (2010-2015)
2012-12-01,0.16,0.0,0.0,HOLD,Recovery (2010-2015)
2013-01-01,0.14,-0.0199999999999999,-1.9999999999999991,HOLD,Recovery (2010-2015)
2013-02-01,0.15,0.0099999999999999,0.999999999999998,HOLD,Recovery (2010-2015)
2013-03-01,0.14,-0.0099999999999999,-0.999999999999998,HOLD,Recovery (2010-2015)
2013-04-01,0.15,0.0099999999999999,0.999999999999998,HOLD,Recovery (2010-2015)
2013-05-01,0.11,-0.0399999999999999,-4.0,HOLD,Recovery (2010-2015)
2013-06-01,0.09,-0.02,-2.0000000000000004,HOLD,Recovery (2010-2015)
2013-07-01,0.09,0.0,0.0,HOLD,Recovery (2010-2015)
2013-08-01,0.08,-0.0099999999999999,-0.9999999999999996,HOLD,Recovery (2010-2015)
2013-09-01,0.08,0.0,0.0,HOLD,Recovery (2010-2015)
2013-10-01,0.09,0.0099999999999999,0.9999999999999996,HOLD,Recovery (2010-2015)
2013-11-01,0.08,-0.0099999999999999,-0.9999999999999996,HOLD,Recovery (2010-2015)
2013-12-01,0.09,0.0099999999999999,0.9999999999999996,HOLD,Recovery (2010-2015)
2014-01-01,0.07,-0.0199999999999999,-1.9999999999999991,HOLD,Recovery (2010-2015)
2014-02-01,0.07,0.0,0.0,HOLD,Recovery (2010-2015)
2014-03-01,0.08,0.0099999999999999,0.9999999999999996,HOLD,Recovery (2010-2015)
2014-04-01,0.09,0.0099999999999999,0.9999999999999996,HOLD,Recovery (2010-2015)
2014-05-01,0.09,0.0,0.0,HOLD,Recovery (2010-2015)
2014-06-01,0.1,0.01,1.0000000000000009,HOLD,Recovery (2010-2015)
2014-07-01,0.09,-0.01,-1.0000000000000009,HOLD,Recovery (2010-2015)
2014-08-01,0.09,0.0,0.0,HOLD,Recovery (2010-2015)
2014-09-01,0.09,0.0,0.0,HOLD,Recovery (2010-2015)
2014-10-01,0.09,0.0,0.0,HOLD,Recovery (2010-2015)
2014-11-01,0.09,0.0,0.0,HOLD,Recovery (2010-2015)
2014-12-01,0.12,0.03,3.0,HOLD,Recovery (2010-2015)
2015-01-01,0.11,-0.0099999999999999,-0.9999999999999996,HOLD,Recovery (2010-2015)
2015-02-01,0.11,0.0,0.0,HOLD,Recovery (2010-2015)
2015-03-01,0.11,0.0,0.0,HOLD,Recovery (2010-2015)
2015-04-01,0.12,0.0099999999999999,0.9999999999999996,HOLD,Recovery (2010-2015)
2015-05-01,0.12,0.0,0.0,HOLD,Recovery (2010-2015)
2015-06-01,0.13,0.01,1.0000000000000009,HOLD,Recovery (2010-2015)
2015-07-01,0.13,0.0,0.0,HOLD,Recovery (2010-2015)
2015-08-01,0.14,0.01,1.0000000000000009,HOLD,Recovery (2010-2015)
2015-09-01,0.14,0.0,0.0,HOLD,Recovery (2010-2015)
2015-10-01,0.12,-0.02,-2.0000000000000018,HOLD,Recovery (2010-2015)
2015-11-01,0.12,0.0,0.0,HOLD,Recovery (2010-2015)
2015-12-01,0.24,0.12,12.0,HIKE,Recovery (2010-2015)
2016-01-01,0.34,0.1,10.000000000000004,HIKE,Normalization (2016-2019)
2016-02-01,0.38,0.0399999999999999,3.9999999999999982,HOLD,Normalization (2016-2019)
2016-03-01,0.36,-0.02,-2.0000000000000018,HOLD,Normalization (2016-2019)
2016-04-01,0.37,0.01,1.0000000000000009,HOLD,Normalization (2016-2019)
2016-05-01,0.37,0.0,0.0,HOLD,Normalization (2016-2019)
2016-06-01,0.38,0.01,1.0000000000000009,HOLD,Normalization (2016-2019)
2016-07-01,0.39,0.01,1.0000000000000009,HOLD,Normalization (2016-2019)
2016-08-01,0.4,0.01,1.0000000000000009,HOLD,Normalization (2016-2019)
2016-09-01,0.4,0.0,0.0,HOLD,Normalization (2016-2019)
2016-10-01,0.4,0.0,0.0,HOLD,Normalization (2016-2019)
2016-11-01,0.41,0.0099999999999999,0.9999999999999952,HOLD,Normalization (2016-2019)
2016-12-01,0.54,0.13,13.000000000000004,HIKE,Normalization (2016-2019)
2017-01-01,0.65,0.1099999999999999,10.999999999999998,HIKE,Normalization (2016-2019)
2017-02-01,0.66,0.01,1.0000000000000009,HOLD,Normalization (2016-2019)
2017-03-01,0.79,0.13,13.0,HIKE,Normalization (2016-2019)
2017-04-01,0.9,0.1099999999999999,10.999999999999998,HIKE,Normalization (2016-2019)
2017-05-01,0.91,0.01,1.0000000000000009,HOLD,Normalization (2016-2019)
2017-06-01,1.04,0.13,13.0,HIKE,Normalization (2016-2019)
2017-07-01,1.15,0.1099999999999998,10.999999999999988,HIKE,Normalization (2016-2019)
2017-08-01,1.16,0.01,1.0000000000000009,HOLD,Normalization (2016-2019)
2017-09-01,1.15,-0.01,-1.0000000000000009,HOLD,Normalization (2016-2019)
2017-10-01,1.15,0.0,0.0,HOLD,Normalization (2016-2019)
2017-11-01,1.16,0.01,1.0000000000000009,HOLD,Normalization (2016-2019)
2017-12-01,1.3,0.1400000000000001,14.000000000000012,HIKE,Normalization (2016-2019)
2018-01-01,1.41,0.1099999999999998,10.999999999999988,HIKE,Normalization (2016-2019)
2018-02-01,1.42,0.01,1.0000000000000009,HOLD,Normalization (2016-2019)
2018-03-01,1.51,0.09,9.000000000000007,HIKE,Normalization (2016-2019)
2018-04-01,1.69,0.1799999999999999,17.999999999999993,HIKE,Normalization (2016-2019)
2018-05-01,1.7,0.01,1.0000000000000009,HOLD,Normalization (2016-2019)
2018-06-01,1.82,0.1200000000000001,12.00000000000001,HIKE,Normalization (2016-2019)
2018-07-01,1.91,0.0899999999999998,8.999999999999986,HIKE,Normalization (2016-2019)
2018-08-01,1.91,0.0,0.0,HOLD,Normalization (2016-2019)
2018-09-01,1.95,0.04,4.000000000000004,HOLD,Normalization (2016-2019)
2018-10-01,2.19,0.24,24.0,HIKE,Normalization (2016-2019)
2018-11-01,2.2,0.0100000000000002,1.000000000000023,HOLD,Normalization (2016-2019)
2018-12-01,2.27,0.0699999999999998,6.999999999999984,HIKE,Normalization (2016-2019)
2019-01-01,2.4,0.1299999999999999,12.99999999999999,HIKE,Normalization (2016-2019)
2019-02-01,2.4,0.0,0.0,HOLD,Normalization (2016-2019)
2019-03-01,2.41,0.0100000000000002,1.000000000000023,HOLD,Normalization (2016-2019)
2019-04-01,2.42,0.0099999999999997,0.9999999999999788,HOLD,Normalization (2016-2019)
2019-05-01,2.39,-0.0299999999999998,-2.9999999999999805,HOLD,Normalization (2016-2019)
2019-06-01,2.38,-0.0100000000000002,-1.000000000000023,HOLD,Normalization (2016-2019)
2019-07-01,2.4,0.02,2.0000000000000018,HOLD,Normalization (2016-2019)
2019-08-01,2.13,-0.27,-27.0,CUT,Normalization (2016-2019)
2019-09-01,2.04,-0.0899999999999998,-8.999999999999986,CUT,Normalization (2016-2019)
2019-10-01,1.83,-0.2099999999999999,-21.0,CUT,Normalization (2016-2019)
2019-11-01,1.55,-0.28,-28.000000000000004,CUT,Normalization (2016-2019)
2019-12-01,1.55,0.0,0.0,HOLD,Normalization (2016-2019)
2020-01-01,1.55,0.0,0.0,HOLD,COVID Era (2020-2022)
2020-02-01,1.58,0.03,3.0000000000000027,HOLD,COVID Era (2020-2022)
2020-03-01,0.65,-0.93,-93.0,CUT,COVID Era (2020-2022)
2020-04-01,0.05,-0.6,-60.0,CUT,COVID Era (2020-2022)
2020-05-01,0.05,0.0,0.0,HOLD,COVID Era (2020-2022)
2020-06-01,0.08,0.03,3.0,HOLD,COVID Era (2020-2022)
2020-07-01,0.09,0.0099999999999999,0.9999999999999996,HOLD,COVID Era (2020-2022)
2020-08-01,0.1,0.01,1.0000000000000009,HOLD,COVID Era (2020-2022)
2020-09-01,0.09,-0.01,-1.0000000000000009,HOLD,COVID Era (2020-2022)
2020-10-01,0.09,0.0,0.0,HOLD,COVID Era (2020-2022)
2020-11-01,0.09,0.0,0.0,HOLD,COVID Era (2020-2022)
2020-12-01,0.09,0.0,0.0,HOLD,COVID Era (2020-2022)
2021-01-01,0.09,0.0,0.0,HOLD,COVID Era (2020-2022)
2021-02-01,0.08,-0.0099999999999999,-0.9999999999999996,HOLD,COVID Era (2020-2022)
2021-03-01,0.07,-0.0099999999999999,-0.9999999999999996,HOLD,COVID Era (2020-2022)
2021-04-01,0.07,0.0,0.0,HOLD,COVID Era (2020-2022)
2021-05-01,0.06,-0.01,-1.0000000000000009,HOLD,COVID Era (2020-2022)
2021-06-01,0.08,0.02,2.0000000000000004,HOLD,COVID Era (2020-2022)
2021-07-01,0.1,0.02,2.0000000000000004,HOLD,COVID Era (2020-2022)
2021-08-01,0.09,-0.01,-1.0000000000000009,HOLD,COVID Era (2020-2022)
2021-09-01,0.08,-0.0099999999999999,-0.9999999999999996,HOLD,COVID Era (2020-2022)
2021-10-01,0.08,0.0,0.0,HOLD,COVID Era (2020-2022)
2021-11-01,0.08,0.0,0.0,HOLD,COVID Era (2020-2022)
2021-12-01,0.08,0.0,0.0,HOLD,COVID Era (2020-2022)
2022-01-01,0.08,0.0,0.0,HOLD,COVID Era (2020-2022)
2022-02-01,0.08,0.0,0.0,HOLD,COVID Era (2020-2022)
2022-03-01,0.2,0.12,12.000000000000002,HIKE,COVID Era (2020-2022)
2022-04-01,0.33,0.13,13.0,HIKE,COVID Era (2020-2022)
2022-05-01,0.77,0.44,44.0,HIKE,COVID Era (2020-2022)
2022-06-01,1.21,0.4399999999999999,43.99999999999999,HIKE,COVID Era (2020-2022)
2022-07-01,1.68,0.47,47.0,HIKE,COVID Era (2020-2022)
2022-08-01,2.33,0.6500000000000001,65.00000000000001,HIKE,COVID Era (2020-2022)
2022-09-01,2.56,0.2299999999999999,23.0,HIKE,COVID Era (2020-2022)
2022-10-01,3.08,0.52,52.0,HIKE,COVID Era (2020-2022)
2022-11-01,3.78,0.6999999999999997,69.99999999999997,HIKE,COVID Era (2020-2022)
2022-12-01,4.1,0.3199999999999998,31.999999999999982,HIKE,COVID Era (2020-2022)
2023-01-01,4.33,0.2300000000000004,23.000000000000043,HIKE,Current (2023-2025)
2023-02-01,4.57,0.2400000000000002,24.00000000000002,HIKE,Current (2023-2025)
2023-03-01,4.65,0.08,8.000000000000007,HIKE,Current (2023-2025)
2023-04-01,4.83,0.1799999999999997,17.99999999999997,HIKE,Current (2023-2025)
2023-05-01,5.06,0.2299999999999995,22.999999999999957,HIKE,Current (2023-2025)
2023-06-01,5.08,0.0200000000000004,2.000000000000046,HOLD,Current (2023-2025)
2023-07-01,5.12,0.04,4.000000000000004,HOLD,Current (2023-2025)
2023-08-01,5.33,0.2099999999999999,21.0,HIKE,Current (2023-2025)
2023-09-01,5.33,0.0,0.0,HOLD,Current (2023-2025)
2023-10-01,5.33,0.0,0.0,HOLD,Current (2023-2025)
2023-11-01,5.33,0.0,0.0,HOLD,Current (2023-2025)
2023-12-01,5.33,0.0,0.0,HOLD,Current (2023-2025)
2024-01-01,5.33,0.0,0.0,HOLD,Current (2023-2025)
2024-02-01,5.33,0.0,0.0,HOLD,Current (2023-2025)
2024-03-01,5.33,0.0,0.0,HOLD,Current (2023-2025)
2024-04-01,5.33,0.0,0.0,HOLD,Current (2023-2025)
2024-05-01,5.33,0.0,0.0,HOLD,Current (2023-2025)
2024-06-01,5.33,0.0,0.0,HOLD,Current (2023-2025)
2024-07-01,5.33,0.0,0.0,HOLD,Current (2023-2025)
2024-08-01,5.33,0.0,0.0,HOLD,Current (2023-2025)
2024-09-01,5.13,-0.2000000000000001,-20.000000000000018,CUT,Current (2023-2025)
2024-10-01,4.83,-0.2999999999999998,-29.999999999999982,CUT,Current (2023-2025)
2024-11-01,4.64,-0.1900000000000004,-19.00000000000004,CUT,Current (2023-2025)
2024-12-01,4.48,-0.1599999999999992,-15.999999999999924,CUT,Current (2023-2025)
2025-01-01,4.33,-0.1500000000000003,-15.000000000000036,CUT,Current (2023-2025)
2025-02-01,4.33,0.0,0.0,HOLD,Current (2023-2025)
2025-03-01,4.33,0.0,0.0,HOLD,Current (2023-2025)
2025-04-01,4.33,0.0,0.0,HOLD,Current (2023-2025)
2025-05-01,4.33,0.0,0.0,HOLD,Current (2023-2025)
