,FEDFUNDS,UNRATE,CPIAUCSL,GDP,PAYEMS,INDPRO,HOUST,DEXUSEU,DGS10,VIXCLS
1954-07-01,0.8,5.8,26.86,390.996,48835.0,18.0907,,,,
1954-08-01,1.22,6.0,26.85,,48826.0,18.0639,,,,
1954-09-01,1.07,6.1,26.81,,48886.0,18.0908,,,,
1954-10-01,0.85,5.7,26.72,399.734,48942.0,18.3058,,,,
1954-11-01,0.83,5.3,26.78,,49180.0,18.6015,,,,
1954-12-01,1.28,5.0,26.77,,49331.0,18.8434,,,,
1955-01-01,1.39,4.9,26.77,413.073,49496.0,19.2735,,,,
1955-02-01,1.29,4.7,26.82,,49644.0,19.5154,,,,
1955-03-01,1.35,4.6,26.79,,49962.0,19.9724,,,,
1955-04-01,1.43,4.7,26.79,421.532,50248.0,20.2143,,,,
1955-05-01,1.43,4.3,26.77,,50512.0,20.5369,,,,
1955-06-01,1.64,4.2,26.71,,50790.0,20.5638,,,,
1955-07-01,1.68,4.0,26.76,430.221,50987.0,20.7251,,,,
1955-08-01,1.96,4.2,26.72,,51111.0,20.6982,,,,
1955-09-01,2.18,4.1,26.85,,51266.0,20.8326,,,,
1955-10-01,2.24,4.3,26.82,437.092,51429.0,21.182,,,,
1955-11-01,2.35,4.2,26.88,,51592.0,21.2358,,,,
1955-12-01,2.48,4.2,26.87,,51805.0,21.3164,,,,
1956-01-01,2.45,4.0,26.83,439.746,51975.0,21.4508,,,,
1956-02-01,2.5,3.9,26.86,,52167.0,21.2627,,,,
1956-03-01,2.5,4.2,26.89,,52294.0,21.2627,,,,
1956-04-01,2.62,4.0,26.93,446.01,52375.0,21.424,,,,
1956-05-01,2.75,4.3,27.03,,52506.0,21.2358,,,,
1956-06-01,2.71,4.3,27.15,,52586.0,21.0476,,,,
1956-07-01,2.75,4.4,27.29,451.191,51955.0,20.4025,,,,
1956-08-01,2.73,4.1,27.31,,52631.0,21.2358,,,,
1956-09-01,2.95,3.9,27.35,,52604.0,21.7197,,,,
1956-10-01,2.96,3.9,27.51,460.463,52777.0,21.9078,,,,
1956-11-01,2.88,4.3,27.51,,52821.0,21.7197,,,,
1956-12-01,2.94,4.2,27.63,,52929.0,22.0422,,,,
1957-01-01,2.84,4.2,27.67,469.779,52887.0,21.9616,,,,
1957-02-01,3.0,3.9,27.8,,53097.0,22.1766,,,,
1957-03-01,2.96,3.7,27.86,,53156.0,22.1498,,,,
1957-04-01,3.0,3.9,27.93,472.025,53238.0,21.8541,,,,
1957-05-01,3.0,4.1,28.0,,53150.0,21.7734,,,,
1957-06-01,3.0,4.3,28.11,,53067.0,21.8272,,,,
1957-07-01,2.99,4.2,28.19,479.49,53123.0,21.9616,,,,
1957-08-01,3.24,4.1,28.28,,53128.0,21.9616,,,,
1957-09-01,3.47,4.4,28.32,,52934.0,21.7734,,,,
1957-10-01,3.5,4.5,28.32,474.864,52763.0,21.4508,,,,
1957-11-01,3.28,5.1,28.41,,52558.0,20.9401,,,,
1957-12-01,2.98,5.2,28.47,,52384.0,20.5369,,,,
1958-01-01,2.72,5.8,28.64,467.54,52076.0,20.1606,,,,
1958-02-01,1.67,6.4,28.7,,51576.0,19.7305,,,,
1958-03-01,1.2,6.7,28.87,,51299.0,19.4885,,,,
1958-04-01,1.26,7.4,28.94,471.978,51027.0,19.166,,,,
1958-05-01,0.63,7.4,28.94,,50914.0,19.3541,,,,
1958-06-01,0.93,7.3,28.91,,50914.0,19.8649,,,,
1958-07-01,0.68,7.5,28.89,485.841,51039.0,20.1606,,,,
1958-08-01,1.53,7.4,28.94,,51233.0,20.5638,,,,
1958-09-01,1.76,7.1,28.91,,51506.0,20.752,,,,
1958-10-01,1.8,6.7,28.91,499.555,51485.0,20.9939,,,,
1958-11-01,2.27,6.2,28.95,,51944.0,21.6121,,,,
1958-12-01,2.42,6.2,28.97,,52085.0,21.639,,,,
1959-01-01,2.48,6.0,29.01,510.33,52478.0,21.9616,1657.0,,,
1959-02-01,2.43,5.9,29.0,,52688.0,22.3917,1667.0,,,
1959-03-01,2.8,5.6,28.97,,53014.0,22.7142,1620.0,,,
1959-04-01,2.96,5.2,28.98,522.653,53321.0,23.1981,1590.0,,,
1959-05-01,2.9,5.1,29.04,,53550.0,23.5476,1498.0,,,
1959-06-01,3.39,5.0,29.11,,53681.0,23.5744,1503.0,,,
1959-07-01,3.47,5.1,29.15,525.034,53804.0,23.0099,1547.0,,,
1959-08-01,3.5,5.2,29.18,,53336.0,22.2304,1430.0,,,
1959-09-01,3.76,5.5,29.25,,53428.0,22.2035,1540.0,,,
1959-10-01,3.98,5.7,29.35,528.6,53358.0,22.0422,1355.0,,,
1959-11-01,4.0,5.8,29.35,,53634.0,22.1766,1416.0,,,
1959-12-01,3.99,5.3,29.41,,54174.0,23.5475,1601.0,,,
1960-01-01,3.99,5.2,29.37,542.648,54274.0,24.1658,1460.0,,,
1960-02-01,3.97,4.8,29.41,,54513.0,23.9508,1503.0,,,
1960-03-01,3.84,5.4,29.41,,54454.0,23.7357,1109.0,,,
1960-04-01,3.92,5.2,29.54,541.08,54813.0,23.5476,1289.0,,,
1960-05-01,3.85,5.1,29.57,,54475.0,23.5207,1271.0,,,
1960-06-01,3.32,5.4,29.61,,54348.0,23.225,1247.0,,,
1960-07-01,3.23,5.5,29.55,545.604,54306.0,23.1443,1197.0,,,
1960-08-01,2.98,5.6,29.61,,54272.0,23.1175,1344.0,,,
1960-09-01,2.6,5.5,29.61,,54227.0,22.8755,1097.0,,,
1960-10-01,2.47,6.1,29.75,540.197,54142.0,22.8487,1246.0,,,
1960-11-01,2.44,6.1,29.78,,53961.0,22.5261,1246.0,,,
1960-12-01,1.98,6.6,29.81,,53742.0,22.096,1063.0,,,
1961-01-01,1.45,6.6,29.84,545.018,53683.0,22.1229,1183.0,,,
1961-02-01,2.54,6.9,29.84,,53557.0,22.096,1226.0,,,
1961-03-01,2.02,6.9,29.84,,53659.0,22.2304,1312.0,,,
1961-04-01,1.49,7.0,29.81,555.545,53627.0,22.6874,1166.0,,,
1961-05-01,1.98,7.1,29.84,,53786.0,23.0368,1228.0,,,
1961-06-01,1.73,6.9,29.84,,53977.0,23.3594,1382.0,,,
1961-07-01,1.17,7.0,29.92,567.664,54123.0,23.6282,1335.0,,,
1961-08-01,2.0,6.6,29.94,,54298.0,23.8432,1312.0,,,
1961-09-01,1.88,6.7,29.98,,54388.0,23.8164,1429.0,,,
1961-10-01,2.26,6.5,29.98,580.612,54522.0,24.2733,1415.0,,,
1961-11-01,2.61,6.1,29.98,,54742.0,24.6497,1385.0,,,
1961-12-01,2.33,6.0,30.01,,54872.0,24.8647,1365.0,,,
1962-01-01,2.15,5.8,30.04,594.013,54891.0,24.6496,1361.0,,,
1962-02-01,2.37,5.5,30.11,,55188.0,25.0529,1278.0,,4.09,
1962-03-01,2.85,5.6,30.17,,55275.0,25.1873,1443.0,,3.98,
1962-04-01,2.78,5.6,30.21,600.366,55602.0,25.241,1524.0,,,
1962-05-01,2.36,5.5,30.24,,55628.0,25.2141,1483.0,,3.85,
1962-06-01,2.68,5.5,30.21,,55644.0,25.1604,1404.0,,3.89,
1962-07-01,2.71,5.4,30.22,609.027,55746.0,25.4023,1450.0,,,
1962-08-01,2.93,5.7,30.28,,55838.0,25.4292,1517.0,,4.03,
1962-09-01,2.9,5.6,30.42,,55978.0,25.5905,1324.0,,,
1962-10-01,2.9,5.4,30.38,612.28,56041.0,25.6174,1533.0,,3.93,
1962-11-01,2.94,5.7,30.38,,56056.0,25.7249,1622.0,,3.92,
1962-12-01,2.93,5.5,30.38,,56028.0,25.7249,1564.0,,,
1963-01-01,2.92,5.7,30.44,621.672,56115.0,25.913,1244.0,,,
1963-02-01,3.0,5.9,30.48,,56230.0,26.2088,1456.0,,3.88,
1963-03-01,2.98,5.7,30.51,,56320.0,26.37,1534.0,,3.93,
1963-04-01,2.9,5.7,30.48,629.752,56580.0,26.612,1689.0,,3.95,
1963-05-01,3.0,5.9,30.51,,56616.0,26.9345,1641.0,,3.94,
1963-06-01,2.99,5.6,30.61,,56659.0,27.0152,1588.0,,,
1963-07-01,3.02,5.6,30.69,644.444,56794.0,26.9076,1614.0,,4.01,
1963-08-01,3.49,5.4,30.75,,56910.0,26.9614,1639.0,,3.99,
1963-09-01,3.48,5.5,30.72,,57078.0,27.2302,1763.0,,,
1963-10-01,3.5,5.5,30.75,653.938,57283.0,27.4184,1779.0,,4.07,
1963-11-01,3.48,5.7,30.78,,57255.0,27.5528,1622.0,,4.15,
1963-12-01,3.38,5.5,30.88,,57361.0,27.499,1491.0,,,
1964-01-01,3.48,5.6,30.94,669.822,57487.0,27.7409,1603.0,,,
1964-02-01,3.48,5.4,30.91,,57753.0,27.9291,1820.0,,,
1964-03-01,3.43,5.4,30.94,,57897.0,27.9291,1517.0,,,
1964-04-01,3.47,5.3,30.95,678.674,57922.0,28.3861,1448.0,,4.23,
1964-05-01,3.5,5.1,30.98,,58089.0,28.5474,1467.0,,4.22,
1964-06-01,3.5,5.2,31.01,,58219.0,28.628,1550.0,,4.19,
1964-07-01,3.42,4.9,31.02,692.031,58412.0,28.8162,1562.0,,4.15,
1964-08-01,3.5,5.0,31.05,,58619.0,29.0043,1569.0,,,
1964-09-01,3.45,5.1,31.08,,58903.0,29.1119,1455.0,,4.21,
1964-10-01,3.36,5.1,31.12,697.319,58793.0,28.7087,1524.0,,4.18,
1964-11-01,3.52,4.8,31.21,,59218.0,29.5957,1486.0,,,
1964-12-01,3.85,5.0,31.25,,59421.0,29.9452,1484.0,,4.2,
1965-01-01,3.9,4.9,31.28,717.79,59582.0,30.2677,1361.0,,,
1965-02-01,3.98,5.1,31.28,,59800.0,30.4559,1433.0,,4.2,
1965-03-01,4.05,4.7,31.31,,60003.0,30.8591,1423.0,,4.22,
1965-04-01,4.09,4.8,31.38,730.191,60259.0,30.9935,1438.0,,4.2,
1965-05-01,4.1,4.6,31.48,,60491.0,31.2354,1478.0,,,
1965-06-01,4.05,4.6,31.61,,60690.0,31.4774,1488.0,,4.23,
1965-07-01,4.09,4.4,31.58,749.323,60965.0,31.7731,1529.0,,4.2,
1965-08-01,4.12,4.4,31.55,,61228.0,31.9075,1432.0,,,
1965-09-01,4.02,4.3,31.62,,61490.0,31.9881,1482.0,,4.28,
1965-10-01,4.08,4.2,31.65,771.857,61719.0,32.3107,1452.0,,4.36,
1965-11-01,4.1,4.1,31.75,,61996.0,32.4451,1460.0,,4.43,
1965-12-01,4.32,4.0,31.85,,62322.0,32.8483,1656.0,,4.52,
1966-01-01,4.42,4.0,31.88,795.734,62529.0,33.1709,1370.0,,,
1966-02-01,4.6,3.8,32.08,,62796.0,33.3859,1378.0,,4.69,
1966-03-01,4.66,3.8,32.18,,63192.0,33.8429,1394.0,,5.01,
1966-04-01,4.67,3.8,32.28,804.981,63437.0,33.8967,1352.0,,4.7,
1966-05-01,4.9,3.9,32.35,,63712.0,34.2192,1265.0,,,
1966-06-01,5.17,3.8,32.38,,64111.0,34.3805,1194.0,,4.79,
1966-07-01,5.3,3.8,32.45,819.638,64301.0,34.5687,1086.0,,4.99,
1966-08-01,5.53,3.8,32.65,,64507.0,34.5955,1119.0,,5.05,
1966-09-01,5.4,3.7,32.75,,64643.0,34.9181,1046.0,,5.3,
1966-10-01,5.53,3.7,32.85,833.302,64854.0,35.16,843.0,,,
1966-11-01,5.76,3.6,32.88,,65019.0,34.9181,961.0,,4.99,
1966-12-01,5.4,3.8,32.92,,65199.0,34.9987,990.0,,5.09,
1967-01-01,4.94,3.9,32.9,844.17,65407.0,35.1638,1067.0,,,
1967-02-01,5.0,3.8,33.0,,65429.0,34.765,1123.0,,4.52,
1967-03-01,4.53,3.8,33.0,,65530.0,34.5691,1056.0,,4.66,
1967-04-01,4.05,3.8,33.1,848.983,65466.0,34.8951,1091.0,,,
1967-05-01,3.94,3.8,33.1,,65620.0,34.5907,1304.0,,4.77,
1967-06-01,3.98,3.9,33.3,,65750.0,34.5863,1248.0,,4.81,
1967-07-01,3.79,3.8,33.4,865.233,65888.0,34.5076,1364.0,,,
1967-08-01,3.9,3.8,33.5,,66143.0,35.1687,1407.0,,5.18,
1967-09-01,3.99,3.8,33.6,,66164.0,35.1116,1421.0,,5.25,
1967-10-01,3.88,4.0,33.7,881.439,66225.0,35.3976,1491.0,,,
1967-11-01,4.13,3.9,33.9,,66703.0,35.9038,1538.0,,5.7,
1967-12-01,4.51,3.8,34.0,,66900.0,36.2905,1308.0,,5.78,
1968-01-01,4.61,3.7,34.1,909.387,66804.0,36.2514,1380.0,,,
1968-02-01,4.71,3.8,34.2,,67215.0,36.3813,1520.0,,5.58,
1968-03-01,5.05,3.7,34.3,,67295.0,36.4949,1466.0,,5.56,
1968-04-01,5.76,3.5,34.4,934.344,67556.0,36.5477,1554.0,,5.64,
1968-05-01,6.12,3.5,34.5,,67652.0,36.9577,1408.0,,5.73,
1968-06-01,6.07,3.7,34.7,,67905.0,37.0934,1405.0,,,
1968-07-01,6.03,3.7,34.9,950.825,68126.0,37.0366,1512.0,,5.62,
1968-08-01,6.03,3.5,35.0,,68330.0,37.1399,1495.0,,5.38,
1968-09-01,5.78,3.4,35.1,,68484.0,37.2806,1556.0,,,
1968-10-01,5.91,3.4,35.3,968.03,68721.0,37.3546,1569.0,,5.49,
1968-11-01,5.82,3.4,35.4,,68984.0,37.8378,1630.0,,5.61,
1968-12-01,6.02,3.4,35.6,,69248.0,37.9573,1548.0,,,
1969-01-01,6.3,3.4,35.7,993.337,69439.0,38.1869,1769.0,,,
1969-02-01,6.61,3.4,35.8,,69699.0,38.4313,1705.0,,,
1969-03-01,6.79,3.4,36.1,,69905.0,38.7326,1561.0,,,
1969-04-01,7.41,3.4,36.3,1009.02,70072.0,38.5901,1524.0,,6.25,
1969-05-01,8.67,3.4,36.4,,70328.0,38.4443,1583.0,,6.25,
1969-06-01,8.9,3.5,36.6,,70636.0,38.8198,1528.0,,,
1969-07-01,8.61,3.5,36.8,1029.956,70729.0,39.0248,1368.0,,6.75,
1969-08-01,9.19,3.5,36.9,,71008.0,39.1145,1358.0,,6.66,
1969-09-01,9.15,3.7,37.1,,70914.0,39.1057,1507.0,,,
1969-10-01,9.0,3.7,37.3,1038.147,71121.0,39.1171,1381.0,,7.52,
1969-11-01,8.85,3.5,37.5,,71086.0,38.7484,1229.0,,,
1969-12-01,8.97,3.5,37.7,,71241.0,38.6444,1327.0,,7.29,
1970-01-01,8.98,3.9,37.9,1051.2,71176.0,37.9288,1085.0,,,
1970-02-01,8.98,4.2,38.1,,71305.0,37.9038,1305.0,,,
1970-03-01,7.76,4.4,38.3,,71451.0,37.8546,1319.0,,,
1970-04-01,8.1,4.6,38.5,1067.375,71348.0,37.7573,1264.0,,7.04,
1970-05-01,7.95,4.8,38.6,,71124.0,37.7133,1290.0,,7.85,
1970-06-01,7.61,4.9,38.8,,71029.0,37.5913,1385.0,,7.84,
1970-07-01,7.21,5.0,38.9,1086.059,71053.0,37.6836,1517.0,,7.64,
1970-08-01,6.62,5.1,39.0,,70937.0,37.6164,1399.0,,,
1970-09-01,6.29,5.4,39.2,,70944.0,37.3571,1534.0,,7.47,
1970-10-01,6.2,5.5,39.4,1088.608,70521.0,36.6098,1580.0,,7.29,
1970-11-01,5.6,5.9,39.6,,70409.0,36.3881,1647.0,,,
1970-12-01,4.9,6.1,39.8,,70792.0,37.2237,1893.0,,6.48,
1971-01-01,4.14,5.9,39.9,1135.156,70865.0,37.5101,1828.0,,,
1971-02-01,3.72,5.9,39.9,,70807.0,37.4386,1741.0,,6.09,
1971-03-01,3.71,6.0,40.0,,70860.0,37.398,1910.0,,6.12,
1971-04-01,4.16,5.9,40.1,1156.271,71036.0,37.608,1986.0,,5.58,
1971-05-01,4.63,5.9,40.3,,71247.0,37.7989,2049.0,,,
1971-06-01,4.91,5.9,40.5,,71254.0,37.9574,2026.0,,6.36,
1971-07-01,5.31,6.0,40.6,1177.675,71315.0,37.8472,2083.0,,6.69,
1971-08-01,5.57,6.1,40.7,,71373.0,37.6276,2158.0,,,
1971-09-01,5.55,6.0,40.8,,71614.0,38.2391,2041.0,,6.22,
1971-10-01,5.2,5.8,40.9,1190.297,71642.0,38.5253,2128.0,,6.0,
1971-11-01,4.91,6.0,41.0,,71847.0,38.6888,2182.0,,5.8,
1971-12-01,4.14,6.0,41.1,,72109.0,39.1355,2295.0,,5.92,
1972-01-01,3.51,5.8,41.2,1230.609,72441.0,40.0728,2494.0,,,
1972-02-01,3.3,5.7,41.4,,72648.0,40.4789,2390.0,,6.09,
1972-03-01,3.83,5.8,41.4,,72944.0,40.761,2334.0,,6.04,
1972-04-01,4.17,5.7,41.5,1266.369,73162.0,41.1654,2249.0,,,
1972-05-01,4.27,5.7,41.6,,73469.0,41.1693,2221.0,,6.14,
1972-06-01,4.46,5.7,41.7,,73758.0,41.2778,2254.0,,6.07,
1972-07-01,4.55,5.6,41.8,1290.566,73709.0,41.2389,2252.0,,,
1972-08-01,4.81,5.6,41.9,,74141.0,41.805,2382.0,,6.14,
1972-09-01,4.87,5.5,42.1,,74264.0,42.1288,2481.0,,6.43,
1972-10-01,5.05,5.6,42.2,1328.904,74674.0,42.6703,2485.0,,,
1972-11-01,5.06,5.3,42.4,,74973.0,43.1755,2421.0,,6.39,
1972-12-01,5.33,5.2,42.5,,75268.0,43.6617,2366.0,,6.29,
1973-01-01,5.94,4.9,42.7,1377.49,75617.0,43.9783,2481.0,,,
1973-02-01,6.58,5.0,43.0,,76014.0,44.6103,2289.0,,6.6,
1973-03-01,7.09,4.9,43.4,,76284.0,44.6294,2365.0,,6.65,
1973-04-01,7.12,5.0,43.7,1413.887,76455.0,44.568,2084.0,,,
1973-05-01,7.84,4.9,43.9,,76648.0,44.8608,2266.0,,6.72,
1973-06-01,8.49,4.9,44.2,,76887.0,44.9186,2067.0,,6.96,
1973-07-01,10.4,4.8,44.2,1433.838,76913.0,45.085,2123.0,,,
1973-08-01,10.5,4.8,45.0,,77168.0,45.0221,2051.0,,7.55,
1973-09-01,10.78,4.8,45.2,,77276.0,45.3801,1874.0,,,
1973-10-01,10.01,4.6,45.6,1476.289,77607.0,45.7462,1677.0,,6.91,
1973-11-01,10.03,4.8,45.9,,77920.0,45.9548,1724.0,,6.71,
1973-12-01,9.95,4.9,46.3,,78031.0,45.8252,1526.0,,,
1974-01-01,9.65,5.1,46.8,1491.209,78100.0,45.5207,1451.0,,,
1974-02-01,8.97,5.2,47.3,,78254.0,45.3825,1752.0,,7.0,
1974-03-01,9.35,5.1,47.8,,78296.0,45.3798,1555.0,,7.08,
1974-04-01,10.51,5.1,48.1,1530.056,78382.0,45.247,1607.0,,7.42,
1974-05-01,11.31,5.1,48.6,,78549.0,45.6083,1426.0,,7.62,
1974-06-01,11.93,5.4,49.0,,78604.0,45.5216,1513.0,,,
1974-07-01,12.92,5.5,49.3,1560.026,78636.0,45.6136,1316.0,,7.65,
1974-08-01,12.01,5.5,49.9,,78619.0,45.1303,1142.0,,7.92,
1974-09-01,11.34,5.9,50.6,,78610.0,45.1377,1150.0,,,
1974-10-01,10.06,6.0,51.0,1599.679,78630.0,44.995,1070.0,,7.97,
1974-11-01,9.45,6.6,51.5,,78265.0,43.5148,1026.0,,7.8,
1974-12-01,8.53,7.2,51.9,,77652.0,41.9503,975.0,,,
1975-01-01,7.13,8.1,52.3,1616.116,77293.0,41.3689,1032.0,,,
1975-02-01,6.24,8.1,52.6,,76918.0,40.4252,904.0,,,
1975-03-01,5.54,8.6,52.8,,76648.0,39.9804,993.0,,,
1975-04-01,5.49,8.8,53.0,1651.853,76460.0,40.0572,1005.0,,8.08,
1975-05-01,5.22,9.0,53.1,,76624.0,39.9402,1121.0,,8.31,
1975-06-01,5.55,8.8,53.5,,76521.0,40.1927,1087.0,,,
1975-07-01,6.1,8.6,54.0,1709.82,76770.0,40.6115,1226.0,,7.97,
1975-08-01,6.14,8.4,54.2,,77153.0,41.0114,1260.0,,8.26,
1975-09-01,6.24,8.4,54.6,,77228.0,41.5422,1264.0,,,
1975-10-01,5.82,8.4,54.9,1761.831,77540.0,41.7224,1344.0,,8.47,
1975-11-01,5.22,8.3,55.3,,77685.0,41.7797,1360.0,,,
1975-12-01,5.2,8.2,55.6,,78017.0,42.3462,1321.0,,8.12,
1976-01-01,4.87,7.9,55.8,1820.487,78503.0,42.9082,1367.0,,,
1976-02-01,4.77,7.7,55.9,,78816.0,43.3407,1538.0,,,
1976-03-01,4.84,7.6,56.0,,79048.0,43.4281,1421.0,,7.86,
1976-04-01,4.82,7.7,56.1,1852.332,79292.0,43.6518,1395.0,,7.68,
1976-05-01,5.29,7.4,56.4,,79312.0,43.8315,1459.0,,,
1976-06-01,5.48,7.6,56.7,,79376.0,43.8775,1495.0,,7.94,
1976-07-01,5.31,7.8,57.0,1886.558,79547.0,44.1248,1401.0,,7.88,
1976-08-01,5.29,7.8,57.3,,79704.0,44.4262,1550.0,,,
1976-09-01,5.25,7.6,57.6,,79892.0,44.5711,1720.0,,7.64,
1976-10-01,5.02,7.7,57.9,1934.273,79911.0,44.56,1629.0,,7.49,
1976-11-01,4.95,7.8,58.1,,80240.0,45.2454,1641.0,,7.38,
1976-12-01,4.65,7.8,58.4,,80448.0,45.731,1804.0,,6.97,
1977-01-01,4.61,7.5,58.7,1988.648,80690.0,45.4156,1527.0,,,
1977-02-01,4.68,7.6,59.3,,80988.0,46.1358,1943.0,,7.41,
1977-03-01,4.69,7.4,59.6,,81391.0,46.7158,2063.0,,7.49,
1977-04-01,4.73,7.2,60.0,2055.909,81728.0,47.1719,1892.0,,7.43,
1977-05-01,5.35,7.0,60.2,,82088.0,47.541,1971.0,,,
1977-06-01,5.39,7.2,60.5,,82488.0,47.9063,1893.0,,7.38,
1977-07-01,5.42,6.9,60.8,2118.473,82834.0,47.9714,2058.0,,7.34,
1977-08-01,5.9,7.0,61.1,,83075.0,48.0157,2020.0,,7.43,
1977-09-01,6.14,6.8,61.3,,83532.0,48.2097,1949.0,,7.3,
1977-10-01,6.47,6.8,61.6,2164.27,83800.0,48.2839,2042.0,,,
1977-11-01,6.51,6.8,62.0,,84173.0,48.3755,2042.0,,7.63,
1977-12-01,6.56,6.4,62.3,,84410.0,48.4573,2142.0,,7.58,
1978-01-01,6.7,6.4,62.7,2202.76,84594.0,47.7512,1718.0,,,
1978-02-01,6.78,6.3,63.0,,84948.0,48.0098,1738.0,,7.96,
1978-03-01,6.79,6.3,63.4,,85460.0,48.9358,2032.0,,8.05,
1978-04-01,6.89,6.1,63.9,2331.633,86162.0,49.9074,2197.0,,,
1978-05-01,7.36,6.0,64.5,,86509.0,50.1513,2075.0,,8.24,
1978-06-01,7.6,5.9,65.0,,86950.0,50.4751,2070.0,,8.41,
1978-07-01,7.81,6.2,65.5,2395.053,87204.0,50.4371,2092.0,,,
1978-08-01,8.04,5.9,65.9,,87483.0,50.6393,1996.0,,8.54,
1978-09-01,8.45,6.0,66.5,,87621.0,50.7631,1970.0,,8.38,
1978-10-01,8.96,5.8,67.1,2476.949,87956.0,51.1523,1981.0,,,
1978-11-01,9.76,5.9,67.5,,88391.0,51.5456,2094.0,,8.66,
1978-12-01,10.03,6.0,67.9,,88671.0,51.806,2044.0,,8.8,
1979-01-01,10.07,5.9,68.5,2526.61,88808.0,51.525,1630.0,,,
1979-02-01,10.06,5.9,69.2,,89055.0,51.778,1520.0,,8.94,
1979-03-01,10.09,5.8,69.9,,89479.0,51.9382,1847.0,,9.17,
1979-04-01,10.01,5.8,70.6,2591.247,89417.0,51.3251,1748.0,,,
1979-05-01,10.24,5.6,71.4,,89789.0,51.7782,1876.0,,9.36,
1979-06-01,10.29,5.7,72.2,,90108.0,51.7865,1913.0,,9.05,
1979-07-01,10.47,5.7,73.0,2667.565,90217.0,51.7029,1760.0,,,
1979-08-01,10.94,6.0,73.7,,90300.0,51.3658,1778.0,,8.99,
1979-09-01,11.43,5.9,74.4,,90327.0,51.3623,1832.0,,,
1979-10-01,13.77,6.0,75.2,2723.883,90481.0,51.7175,1681.0,,9.51,
1979-11-01,13.18,5.9,76.0,,90573.0,51.6341,1524.0,,10.79,
1979-12-01,13.78,6.0,76.9,,90672.0,51.6694,1498.0,,,
1980-01-01,13.82,6.3,78.0,2789.842,90800.0,51.944,1341.0,,,
1980-02-01,14.13,6.3,79.0,,90883.0,51.9633,1350.0,,11.29,
1980-03-01,17.19,6.3,80.1,,90994.0,51.7454,1047.0,,,
1980-04-01,17.61,6.9,80.9,2797.352,90849.0,50.7197,1051.0,,12.69,
1980-05-01,10.98,7.5,81.7,,90420.0,49.4766,927.0,,10.57,
1980-06-01,9.47,7.6,82.5,,90101.0,48.8383,1196.0,,,
1980-07-01,9.03,7.8,82.6,2856.483,89840.0,48.4907,1269.0,,10.13,
1980-08-01,9.61,7.7,83.2,,90099.0,48.6456,1436.0,,10.76,
1980-09-01,10.87,7.5,83.9,,90213.0,49.4578,1471.0,,,
1980-10-01,12.81,7.5,84.7,2985.557,90490.0,50.0861,1523.0,,11.78,
1980-11-01,15.85,7.5,85.6,,90747.0,50.9209,1510.0,,,
1980-12-01,18.9,7.2,86.4,,90943.0,51.257,1482.0,,12.92,
1981-01-01,19.08,7.5,87.2,3124.206,91033.0,50.9328,1547.0,,,
1981-02-01,15.93,7.4,88.0,,91105.0,50.7237,1246.0,,,
1981-03-01,14.7,7.4,88.6,,91210.0,50.9806,1306.0,,,
1981-04-01,15.72,7.2,89.1,3162.532,91283.0,50.7661,1360.0,,13.14,
1981-05-01,18.52,7.5,89.7,,91296.0,51.0552,1140.0,,14.05,
1981-06-01,19.1,7.5,90.5,,91490.0,51.3214,1045.0,,13.46,
1981-07-01,19.04,7.2,91.5,3260.609,91601.0,51.6555,1041.0,,14.04,
1981-08-01,17.82,7.4,92.2,,91565.0,51.5903,940.0,,,
1981-09-01,15.87,7.6,93.1,,91477.0,51.3429,911.0,,15.41,
1981-10-01,15.08,7.9,93.4,3280.818,91380.0,50.9463,873.0,,15.75,
1981-11-01,13.31,8.3,93.8,,91171.0,50.3546,837.0,,,
1981-12-01,12.37,8.5,94.1,,90895.0,49.8086,910.0,,13.37,
1982-01-01,13.22,8.6,94.4,3274.302,90565.0,48.7877,843.0,,,
1982-02-01,14.78,8.9,94.7,,90563.0,49.7839,866.0,,14.58,
1982-03-01,14.68,9.0,94.7,,90434.0,49.4477,931.0,,13.85,
1982-04-01,14.94,9.3,95.0,3331.972,90150.0,48.9913,917.0,,14.1,
1982-05-01,14.45,9.4,95.9,,90107.0,48.6669,1025.0,,,
1982-06-01,14.15,9.6,97.0,,89865.0,48.5415,902.0,,13.93,
1982-07-01,12.59,9.8,97.5,3366.322,89521.0,48.3775,1166.0,,14.4,
1982-08-01,10.12,9.8,97.7,,89363.0,47.9382,1046.0,,,
1982-09-01,10.31,10.1,97.7,,89183.0,47.8139,1144.0,,12.76,
1982-10-01,9.71,10.4,98.1,3402.561,88907.0,47.3575,1173.0,,11.51,
1982-11-01,9.2,10.8,98.0,,88786.0,47.2078,1372.0,,10.56,
1982-12-01,8.95,10.8,97.7,,88771.0,46.8713,1303.0,,10.74,
1983-01-01,8.68,10.4,97.9,3473.413,88990.0,47.7398,1586.0,,,
1983-02-01,8.51,10.4,98.0,,88917.0,47.4484,1699.0,,10.78,
1983-03-01,8.77,10.3,98.1,,89090.0,47.8426,1606.0,,10.22,
1983-04-01,8.8,10.2,98.8,3578.848,89364.0,48.4483,1472.0,,,
1983-05-01,8.63,10.1,99.2,,89644.0,48.747,1776.0,,,
1983-06-01,8.98,10.1,99.4,,90021.0,49.0434,1733.0,,10.77,
1983-07-01,9.37,9.4,99.8,3689.179,90437.0,49.7739,1785.0,,10.93,
1983-08-01,9.56,9.5,100.1,,90129.0,50.364,1910.0,,11.8,
1983-09-01,9.45,9.2,100.4,,91247.0,51.0937,1710.0,,11.97,
1983-10-01,9.48,8.8,100.8,3794.706,91520.0,51.4902,1715.0,,,
1983-11-01,9.34,8.5,101.1,,91875.0,51.721,1785.0,,11.69,
1983-12-01,9.47,8.3,101.4,,92230.0,51.9769,1688.0,,11.63,
1984-01-01,9.56,8.0,102.1,3908.054,92673.0,53.0088,1897.0,,,
1984-02-01,9.59,7.8,102.6,,93157.0,53.2486,2260.0,,11.64,
1984-03-01,9.91,7.8,102.9,,93429.0,53.5028,1663.0,,12.07,
1984-04-01,10.29,7.7,103.3,4009.601,93792.0,53.8233,1851.0,,,
1984-05-01,10.32,7.4,103.5,,94098.0,54.1104,1774.0,,12.82,
1984-06-01,11.06,7.2,103.7,,94479.0,54.3075,1843.0,,13.63,
1984-07-01,11.23,7.5,104.1,4084.25,94789.0,54.4587,1732.0,,,
1984-08-01,11.64,7.5,104.4,,95032.0,54.5239,1586.0,,12.81,
1984-09-01,11.3,7.3,104.7,,95344.0,54.3696,1698.0,,,
1984-10-01,9.99,7.4,105.1,4148.551,95629.0,54.3474,1590.0,,12.54,
1984-11-01,9.43,7.2,105.3,,95982.0,54.529,1689.0,,11.66,
1984-12-01,8.38,7.3,105.5,,96107.0,54.5556,1612.0,,,
1985-01-01,8.35,7.3,105.7,4230.168,96372.0,54.527,1711.0,,,
1985-02-01,8.5,7.2,106.3,,96503.0,54.6871,1632.0,,11.29,
1985-03-01,8.58,7.2,106.8,,96842.0,54.7673,1800.0,,11.86,
1985-04-01,8.27,7.3,107.0,4294.887,97038.0,54.6467,1821.0,,11.66,
1985-05-01,7.97,7.2,107.2,,97312.0,54.7396,1680.0,,11.27,
1985-06-01,7.53,7.4,107.5,,97459.0,54.711,1676.0,,,
1985-07-01,7.88,7.4,107.7,4386.773,97648.0,54.4365,1684.0,,10.19,
1985-08-01,7.9,7.1,107.9,,97840.0,54.6121,1743.0,,10.51,
1985-09-01,7.92,7.1,108.1,,98045.0,54.8147,1676.0,,,
1985-10-01,7.99,7.1,108.5,4444.094,98233.0,54.6228,1834.0,,10.29,
1985-11-01,8.05,7.0,109.0,,98443.0,54.8123,1698.0,,9.98,
1985-12-01,8.27,7.0,109.5,,98609.0,55.3553,1942.0,,,
1986-01-01,8.14,6.7,109.9,4507.894,98732.0,55.6453,1972.0,,,
1986-02-01,7.86,7.2,109.7,,98847.0,55.2634,1848.0,,,
1986-03-01,7.48,7.2,109.1,,98934.0,54.8728,1876.0,,,
1986-04-01,6.99,7.1,108.7,4545.34,99121.0,54.935,1933.0,,7.37,
1986-05-01,6.85,7.2,109.0,,99248.0,55.0399,1854.0,,7.45,
1986-06-01,6.92,7.2,109.4,,99155.0,54.826,1847.0,,,
1986-07-01,6.56,7.0,109.5,4607.669,99473.0,55.167,1782.0,,7.37,
1986-08-01,6.17,6.9,109.6,,99588.0,55.0726,1807.0,,7.34,
1986-09-01,5.89,7.0,110.0,,99934.0,55.2237,1687.0,,,
1986-10-01,5.85,7.0,110.2,4657.627,100121.0,55.4589,1681.0,,7.41,
1986-11-01,6.04,6.9,110.4,,100308.0,55.6763,1623.0,,,
1986-12-01,6.91,6.6,110.8,,100509.0,56.2078,1833.0,,7.18,
1987-01-01,6.43,6.6,111.4,4722.156,100678.0,55.9911,1774.0,,,
1987-02-01,6.1,6.6,111.8,,100919.0,56.7373,1784.0,,,
1987-03-01,6.13,6.6,112.2,,101164.0,56.8136,1726.0,,,
1987-04-01,6.37,6.3,112.7,4806.16,101499.0,57.185,1614.0,,7.59,
1987-05-01,6.85,6.3,113.0,,101728.0,57.5424,1628.0,,8.39,
1987-06-01,6.73,6.2,113.5,,101900.0,57.8502,1594.0,,8.45,
1987-07-01,6.58,6.1,113.8,4884.555,102247.0,58.2421,1575.0,,8.36,
1987-08-01,6.73,6.0,114.3,,102420.0,58.6784,1605.0,,,
1987-09-01,7.22,5.9,114.7,,102647.0,58.9088,1695.0,,9.05,
1987-10-01,7.29,6.0,115.0,5007.994,103138.0,59.7008,1515.0,,9.66,
1987-11-01,6.69,5.8,115.4,,103372.0,59.9956,1656.0,,,
1987-12-01,6.77,5.7,115.6,,103661.0,60.3246,1400.0,,9.01,
1988-01-01,6.83,5.7,116.0,5073.372,103753.0,60.309,1271.0,,,
1988-02-01,6.58,5.7,116.2,,104214.0,60.6122,1473.0,,8.26,
1988-03-01,6.58,5.7,116.5,,104489.0,60.7452,1532.0,,8.15,
1988-04-01,6.87,5.4,117.2,5190.036,104732.0,61.108,1573.0,,,
1988-05-01,7.09,5.6,117.5,,104962.0,60.9843,1421.0,,,
1988-06-01,7.51,5.4,118.0,,105326.0,61.1615,1478.0,,9.03,
1988-07-01,7.75,5.4,118.5,5282.835,105550.0,61.171,1467.0,,8.77,
1988-08-01,8.01,5.6,119.0,,105674.0,61.4771,1493.0,,9.07,
1988-09-01,8.19,5.4,119.5,,106013.0,61.2785,1492.0,,9.25,
1988-10-01,8.3,5.4,119.9,5399.509,106276.0,61.5488,1522.0,,,
1988-11-01,8.35,5.3,120.3,,106617.0,61.7049,1569.0,,8.68,
1988-12-01,8.76,5.3,120.7,,106898.0,61.9851,1563.0,,9.01,
1989-01-01,9.12,5.4,121.2,5511.253,107161.0,62.1677,1621.0,,,
1989-02-01,9.36,5.2,121.6,,107427.0,61.8916,1425.0,,8.99,
1989-03-01,9.85,5.0,122.2,,107621.0,62.0508,1422.0,,9.36,
1989-04-01,9.84,5.2,123.1,5612.463,107791.0,62.0289,1339.0,,,
1989-05-01,9.81,5.2,123.7,,107913.0,61.6871,1331.0,,9.14,
1989-06-01,9.53,5.3,124.1,,108027.0,61.6857,1397.0,,8.61,
1989-07-01,9.24,5.2,124.5,5695.365,108069.0,61.0896,1427.0,,,
1989-08-01,8.99,5.2,124.5,,108120.0,61.6847,1332.0,,7.74,
1989-09-01,9.02,5.3,124.8,,108369.0,61.4794,1279.0,,8.19,
1989-10-01,8.84,5.3,125.4,5747.237,108476.0,61.4014,1410.0,,,
1989-11-01,8.55,5.4,125.9,,108752.0,61.6081,1351.0,,7.91,
1989-12-01,8.45,5.4,126.3,,108836.0,61.9588,1251.0,,7.81,
1990-01-01,8.23,5.4,127.5,5872.701,109196.0,61.6352,1551.0,,,
1990-02-01,8.24,5.3,128.0,,109436.0,62.1951,1437.0,,8.42,24.87
1990-03-01,8.28,5.2,128.6,,109640.0,62.4916,1289.0,,8.59,21.9
1990-04-01,8.26,5.4,128.9,5960.028,109674.0,62.3511,1248.0,,,
1990-05-01,8.18,5.4,129.1,,109828.0,62.5353,1212.0,,9.08,18.43
1990-06-01,8.29,5.2,129.9,,109850.0,62.7479,1177.0,,8.44,17.09
1990-07-01,8.15,5.5,130.5,6015.116,109815.0,62.6435,1171.0,,,
1990-08-01,8.13,5.7,131.6,,109606.0,62.8704,1115.0,,8.29,21.64
1990-09-01,8.2,5.9,132.5,,109523.0,62.8839,1110.0,,,
1990-10-01,8.11,5.9,133.4,6004.733,109377.0,62.4973,1014.0,,8.71,28.06
1990-11-01,7.81,6.2,133.7,,109222.0,61.7175,1145.0,,8.57,30.25
1990-12-01,7.31,6.3,134.2,,109168.0,61.2885,969.0,,,
1991-01-01,6.91,6.4,134.7,6035.178,109058.0,61.0842,798.0,,,
1991-02-01,6.25,6.6,134.8,,108735.0,60.6387,965.0,,7.91,21.04
1991-03-01,6.12,6.8,134.8,,108568.0,60.2973,921.0,,8.12,
1991-04-01,5.91,6.7,135.1,6126.862,108350.0,60.4524,1001.0,,8.07,17.42
1991-05-01,5.78,6.9,135.6,,108253.0,61.0587,996.0,,8.01,17.77
1991-06-01,5.9,6.9,136.0,,108330.0,61.5514,1036.0,,,
1991-07-01,5.82,6.8,136.2,6205.937,108290.0,61.7201,1063.0,,8.26,18.64
1991-08-01,5.66,6.9,136.6,,108299.0,61.7289,1049.0,,8.2,15.47
1991-09-01,5.45,6.9,137.0,,108335.0,62.2369,1015.0,,,
1991-10-01,5.21,7.0,137.2,6264.54,108361.0,62.1718,1079.0,,7.45,14.81
1991-11-01,4.81,7.0,137.8,,108300.0,62.0894,1103.0,,7.48,15.6
1991-12-01,4.43,7.3,138.2,,108330.0,61.806,1079.0,,,
1992-01-01,4.03,7.3,138.3,6363.102,108365.0,61.4823,1176.0,,,
1992-02-01,4.06,7.4,138.6,,108313.0,61.9192,1250.0,,,
1992-03-01,3.98,7.4,139.1,,108367.0,62.4403,1297.0,,,
1992-04-01,3.73,7.4,139.4,6470.763,108517.0,62.9199,1099.0,,7.46,16.48
1992-05-01,3.82,7.6,139.7,,108647.0,63.1268,1214.0,,7.56,16.61
1992-06-01,3.76,7.8,140.1,,108707.0,63.1624,1145.0,,7.39,14.43
1992-07-01,3.25,7.7,140.5,6566.641,108792.0,63.7348,1139.0,,7.1,13.34
1992-08-01,3.3,7.6,140.8,,108916.0,63.3802,1226.0,,,
1992-09-01,3.22,7.6,141.1,,108952.0,63.5834,1186.0,,6.56,13.4
1992-10-01,3.1,7.3,141.7,6680.803,109138.0,64.0178,1244.0,,6.23,16.31
1992-11-01,3.09,7.4,142.1,,109283.0,64.2628,1214.0,,,
1992-12-01,2.92,7.4,142.3,,109502.0,64.3599,1227.0,,6.94,12.8
1993-01-01,3.02,7.3,142.8,6729.459,109790.0,64.6135,1210.0,,,
1993-02-01,3.03,7.1,143.1,,110048.0,64.9262,1210.0,,6.38,12.33
1993-03-01,3.07,7.0,143.3,,110004.0,64.8627,1083.0,,5.94,13.6
1993-04-01,2.96,7.1,143.8,6808.939,110300.0,65.0423,1258.0,,6.06,13.02
1993-05-01,3.0,7.1,144.2,,110571.0,64.8006,1260.0,,,
1993-06-01,3.04,7.0,144.3,,110742.0,64.9476,1280.0,,6.07,13.67
1993-07-01,3.06,6.9,144.5,6882.098,111054.0,65.1142,1254.0,,5.8,11.51
1993-08-01,3.03,6.8,144.8,,111200.0,65.0421,1300.0,,,
1993-09-01,3.09,6.7,145.0,,111449.0,65.3749,1343.0,,5.46,11.48
1993-10-01,2.99,6.8,145.6,7013.738,111734.0,65.863,1392.0,,5.34,11.83
1993-11-01,3.02,6.6,146.0,,111988.0,66.1696,1376.0,,5.56,11.78
1993-12-01,2.96,6.5,146.3,,112324.0,66.5531,1533.0,,5.82,13.83
1994-01-01,3.05,6.6,146.3,7115.652,112601.0,66.7591,1272.0,,,
1994-02-01,3.25,6.6,146.7,,112782.0,66.8019,1337.0,,5.77,10.65
1994-03-01,3.34,6.5,147.1,,113245.0,67.4704,1564.0,,6.28,15.83
1994-04-01,3.56,6.4,147.2,7246.931,113589.0,67.8707,1465.0,,,
1994-05-01,4.01,6.1,147.5,,113922.0,68.187,1526.0,,,
1994-06-01,4.25,6.1,147.9,,114239.0,68.645,1409.0,,7.12,12.72
1994-07-01,4.26,6.1,148.4,7331.075,114608.0,68.7317,1439.0,,7.34,14.36
1994-08-01,4.47,6.0,149.0,,114903.0,69.1882,1450.0,,7.13,11.17
1994-09-01,4.73,5.9,149.3,,115247.0,69.3935,1474.0,,7.19,11.86
1994-10-01,4.76,5.8,149.4,7455.288,115457.0,69.9576,1450.0,,,
1994-11-01,5.29,5.6,149.8,,115868.0,70.4288,1511.0,,7.91,14.84
1994-12-01,5.45,5.5,150.1,,116173.0,71.1273,1455.0,,7.92,16.69
1995-01-01,5.53,5.6,150.5,7522.289,116505.0,71.2635,1407.0,,,
1995-02-01,5.92,5.4,150.9,,116694.0,71.1758,1316.0,,7.66,11.73
1995-03-01,5.98,5.4,151.2,,116908.0,71.2796,1249.0,,7.23,11.65
1995-04-01,6.05,5.8,151.8,7580.997,117065.0,71.1538,1267.0,,,
1995-05-01,6.01,5.6,152.1,,117047.0,71.4997,1314.0,,7.09,12.14
1995-06-01,6.0,5.6,152.4,,117291.0,71.7327,1281.0,,6.2,12.21
1995-07-01,5.85,5.7,152.6,7683.125,117382.0,71.4334,1461.0,,,
1995-08-01,5.74,5.7,152.9,,117646.0,72.3723,1416.0,,6.5,13.56
1995-09-01,5.8,5.6,153.1,,117873.0,72.6543,1369.0,,6.22,11.29
1995-10-01,5.76,5.5,153.5,7772.586,118026.0,72.5336,1369.0,,,
1995-11-01,5.8,5.6,153.7,,118165.0,72.717,1452.0,,5.98,13.41
1995-12-01,5.6,5.6,153.9,,118325.0,72.9638,1431.0,,5.71,11.11
1996-01-01,5.56,5.6,154.7,7868.468,118317.0,72.5712,1467.0,,,
1996-02-01,5.22,5.5,155.0,,118737.0,73.6207,1491.0,,5.63,12.65
1996-03-01,5.31,5.5,155.5,,118992.0,73.5141,1424.0,,5.99,16.72
1996-04-01,5.22,5.6,156.1,8032.84,119158.0,74.2491,1516.0,,6.31,17.9
1996-05-01,5.24,5.6,156.4,,119496.0,74.8142,1504.0,,6.68,16.07
1996-06-01,5.27,5.3,156.7,,119770.0,75.3726,1467.0,,,
1996-07-01,5.4,5.5,157.0,8131.408,120019.0,75.3738,1472.0,,6.74,13.78
1996-08-01,5.22,5.1,157.2,,120198.0,75.7557,1557.0,,6.65,18.76
1996-09-01,5.3,5.2,157.7,,120400.0,76.2302,1475.0,,,
1996-10-01,5.24,5.2,158.2,8259.771,120665.0,76.2157,1392.0,,6.65,17.05
1996-11-01,5.31,5.4,158.7,,120947.0,76.8973,1489.0,,6.38,17.89
1996-12-01,5.29,5.4,159.1,,121143.0,77.3772,1370.0,,,
1997-01-01,5.25,5.3,159.4,8362.655,121357.0,77.5135,1355.0,,,
1997-02-01,5.19,5.2,159.7,,121674.0,78.4255,1486.0,,,
1997-03-01,5.39,5.2,159.8,,121991.0,78.9197,1457.0,,,
1997-04-01,5.51,5.1,159.9,8518.825,122288.0,78.9848,1492.0,,6.9,20.84
1997-05-01,5.5,4.9,159.9,,122560.0,79.4296,1442.0,,6.69,19.87
1997-06-01,5.56,5.0,160.2,,122816.0,79.7971,1494.0,,,
1997-07-01,5.52,4.9,160.4,8662.823,123114.0,80.4666,1437.0,,6.45,21.0
1997-08-01,5.54,4.8,160.8,,123086.0,81.2825,1390.0,,6.2,22.29
1997-09-01,5.54,4.9,161.2,,123575.0,82.0327,1546.0,,,
1997-10-01,5.5,4.7,161.5,8765.907,123924.0,82.7656,1520.0,,6.04,22.32
1997-11-01,5.52,4.6,161.7,,124226.0,83.427,1510.0,,,
1997-12-01,5.5,4.7,161.8,,124549.0,83.784,1566.0,,5.86,26.01
1998-01-01,5.56,4.6,162.0,8866.48,124806.0,84.1564,1525.0,,,
1998-02-01,5.51,4.6,162.0,,125017.0,84.3066,1584.0,,,
1998-03-01,5.49,4.7,162.0,,125165.0,84.342,1567.0,,,
1998-04-01,5.45,4.3,162.2,8969.699,125446.0,84.6339,1540.0,,5.62,23.37
1998-05-01,5.49,4.4,162.6,,125846.0,85.1867,1536.0,,5.67,19.34
1998-06-01,5.56,4.5,162.8,,126076.0,84.6809,1641.0,,5.53,22.83
1998-07-01,5.54,4.5,163.2,9121.097,126211.0,84.3445,1698.0,,5.44,18.0
1998-08-01,5.55,4.5,163.4,,126546.0,86.0816,1614.0,,,
1998-09-01,5.51,4.6,163.5,,126744.0,86.0023,1582.0,,5.05,36.48
1998-10-01,5.07,4.5,163.9,9293.991,126948.0,86.591,1715.0,,4.33,43.48
1998-11-01,4.83,4.4,164.1,,127223.0,86.5115,1660.0,,,
1998-12-01,4.68,4.4,164.4,,127595.0,86.8615,1792.0,,4.67,24.97
1999-01-01,4.63,4.3,164.7,9411.682,127699.0,87.2205,1748.0,,,
1999-02-01,4.76,4.4,164.7,,128118.0,87.726,1670.0,1.1303,4.75,27.67
1999-03-01,4.81,4.2,164.8,,128234.0,87.9125,1710.0,1.0891,5.4,28.37
1999-04-01,4.74,4.3,165.9,9526.21,128596.0,88.1082,1553.0,1.0782,5.27,22.06
1999-05-01,4.74,4.2,166.0,,128813.0,88.6483,1611.0,,,
1999-06-01,4.76,4.3,166.0,,129084.0,88.5903,1559.0,1.0449,5.78,26.62
1999-07-01,4.99,4.3,166.7,9686.626,129421.0,89.1098,1669.0,1.0236,5.85,19.69
1999-08-01,5.07,4.2,167.1,,129572.0,89.5007,1648.0,,,
1999-09-01,5.22,4.2,167.8,,129772.0,89.1304,1635.0,1.0582,5.99,22.93
1999-10-01,5.2,4.1,168.1,9900.169,130178.0,90.2709,1608.0,1.0718,6.0,24.93
1999-11-01,5.42,4.1,168.4,,130467.0,90.7528,1648.0,1.0494,6.06,22.09
1999-12-01,5.3,4.0,168.8,,130783.0,91.4784,1708.0,1.0059,6.21,22.23
2000-01-01,5.45,4.0,169.3,10002.179,131011.0,91.4092,1636.0,,,
2000-02-01,5.73,4.1,170.0,,131121.0,91.7245,1737.0,0.9731,6.62,23.45
2000-03-01,5.85,4.0,171.0,,131604.0,92.083,1604.0,0.97,6.39,21.64
2000-04-01,6.02,3.8,170.9,10247.72,131883.0,92.6659,1626.0,,,
2000-05-01,6.27,4.0,171.2,,132105.0,92.9347,1575.0,0.912,6.29,25.88
2000-06-01,6.53,4.0,172.2,,132062.0,93.0018,1559.0,0.9307,6.2,22.36
2000-07-01,6.54,4.0,172.7,10318.165,132228.0,92.8373,1463.0,,,
2000-08-01,6.5,4.1,172.7,,132234.0,92.591,1541.0,0.9228,6.0,20.55
2000-09-01,6.52,3.9,173.6,,132338.0,92.9827,1507.0,0.8993,5.68,17.53
2000-10-01,6.51,3.9,173.9,10435.744,132352.0,92.64,1549.0,,,
2000-11-01,6.51,3.9,174.2,,132556.0,92.6604,1551.0,0.8584,5.74,24.28
2000-12-01,6.4,3.9,174.6,,132716.0,92.3457,1532.0,0.8765,5.52,27.48
2001-01-01,5.98,4.2,175.6,10470.231,132703.0,91.8908,1600.0,,,
2001-02-01,5.49,4.2,176.0,,132788.0,91.2851,1625.0,0.9384,5.1,21.66
2001-03-01,5.31,4.3,176.1,,132751.0,91.0585,1590.0,0.9291,4.87,28.08
2001-04-01,4.8,4.4,176.4,10599.0,132457.0,90.7384,1649.0,,,
2001-05-01,4.21,4.3,177.3,,132409.0,90.2607,1605.0,0.8937,5.3,24.2
2001-06-01,3.97,4.5,177.7,,132299.0,89.7811,1636.0,0.8452,5.39,21.59
2001-07-01,3.77,4.6,177.4,10598.02,132171.0,89.2352,1670.0,,,
2001-08-01,3.65,4.9,177.4,,132021.0,89.157,1567.0,0.8793,5.11,20.56
2001-09-01,3.07,5.0,178.1,,131763.0,88.6749,1562.0,,,
2001-10-01,2.49,5.3,177.6,10660.465,131452.0,88.4051,1540.0,0.9159,4.55,32.32
2001-11-01,2.09,5.5,177.5,,131144.0,87.886,1602.0,0.9044,4.24,32.31
2001-12-01,1.82,5.7,177.4,,130983.0,87.8518,1568.0,,,
2002-01-01,1.73,5.7,177.7,10783.5,130859.0,88.4634,1698.0,,,
2002-02-01,1.74,5.7,178.0,,130736.0,88.4578,1829.0,0.8613,5.02,21.12
2002-03-01,1.73,5.7,178.5,,130722.0,89.1265,1642.0,0.8652,4.98,19.96
2002-04-01,1.75,5.9,179.3,10887.46,130615.0,89.5507,1592.0,0.8806,5.44,18.73
2002-05-01,1.75,5.8,179.5,,130632.0,89.9348,1764.0,0.9062,5.08,20.06
2002-06-01,1.75,5.8,179.6,,130673.0,90.6736,1717.0,,,
2002-07-01,1.73,5.8,180.0,10984.04,130583.0,90.6436,1655.0,0.9893,4.85,27.11
2002-08-01,1.74,5.7,180.5,,130582.0,90.5505,1633.0,0.9843,4.47,36.95
2002-09-01,1.75,5.7,180.8,,130503.0,90.6373,1804.0,,,
2002-10-01,1.75,5.7,181.2,11061.433,130617.0,90.3988,1648.0,0.9859,3.72,34.12
2002-11-01,1.34,5.9,181.5,,130616.0,90.8947,1753.0,0.9971,4.01,29.3
2002-12-01,1.24,6.0,181.8,,130465.0,90.3906,1788.0,,,
2003-01-01,1.24,5.8,182.6,11174.129,130573.0,91.1369,1853.0,,,
2003-02-01,1.26,5.9,183.6,,130441.0,91.2505,1629.0,,,
2003-03-01,1.25,5.9,183.9,,130235.0,91.0006,1726.0,,,
2003-04-01,1.26,6.0,183.2,11312.766,130172.0,90.4311,1643.0,1.0904,3.84,28.36
2003-05-01,1.26,6.1,182.9,,130196.0,90.4,1751.0,1.1238,3.88,21.59
2003-06-01,1.22,6.3,183.1,,130185.0,90.5196,1867.0,,,
2003-07-01,1.01,6.2,183.7,11566.669,130184.0,90.9869,1897.0,1.158,3.56,19.46
2003-08-01,1.03,6.1,184.5,,130153.0,90.7933,1833.0,1.1252,4.44,20.75
2003-09-01,1.01,6.1,185.1,,130253.0,91.3819,1939.0,,,
2003-10-01,1.01,6.0,184.9,11772.234,130440.0,91.5049,1967.0,1.1708,3.96,21.07
2003-11-01,1.0,5.8,185.0,,130481.0,92.1265,2083.0,,,
2003-12-01,0.98,5.7,185.5,,130589.0,92.1732,2057.0,1.1956,4.4,16.77
2004-01-01,1.0,5.7,186.3,11923.447,130756.0,92.3268,1911.0,,,
2004-02-01,1.01,5.6,186.7,,130820.0,92.8995,1846.0,,,
2004-03-01,1.0,5.8,187.1,,131139.0,92.5368,1998.0,1.2431,4.0,14.44
2004-04-01,1.0,5.6,187.4,12112.815,131412.0,92.8957,2003.0,1.2358,3.91,16.65
2004-05-01,1.0,5.6,188.2,,131697.0,93.5845,1981.0,,,
2004-06-01,1.03,5.6,188.9,,131794.0,92.8651,1828.0,1.221,4.71,16.3
2004-07-01,1.26,5.5,189.1,12305.307,131853.0,93.5502,2002.0,1.2158,4.57,15.2
2004-08-01,1.43,5.4,189.2,,131940.0,93.6301,2024.0,,,
2004-09-01,1.61,5.4,189.8,,132091.0,93.7353,1905.0,1.2179,4.13,14.91
2004-10-01,1.76,5.5,190.8,12527.214,132431.0,94.5695,2072.0,1.24,4.21,12.75
2004-11-01,1.93,5.4,191.7,,132504.0,94.8015,1782.0,1.2741,4.11,16.27
2004-12-01,2.16,5.4,191.7,,132629.0,95.5415,2042.0,1.3308,4.38,12.97
2005-01-01,2.28,5.3,191.6,12767.286,132781.0,95.8785,2144.0,,,
2005-02-01,2.5,5.4,192.4,,133033.0,96.5709,2207.0,1.3017,4.15,12.03
2005-03-01,2.63,5.2,193.1,,133152.0,96.4345,1864.0,1.3189,4.38,12.04
2005-04-01,2.79,5.2,193.7,12922.656,133519.0,96.6347,2061.0,1.2896,4.46,14.09
2005-05-01,3.0,5.1,193.6,,133689.0,96.7251,2025.0,,,
2005-06-01,3.04,5.0,193.7,,133947.0,97.1483,2068.0,1.2232,3.91,12.36
2005-07-01,3.26,5.0,194.9,13142.642,134300.0,96.8397,2054.0,1.1957,4.06,11.4
2005-08-01,3.5,4.9,196.1,,134503.0,97.1584,2095.0,1.2195,4.32,12.08
2005-09-01,3.62,5.0,198.8,,134554.0,95.2764,2151.0,1.2447,4.02,13.15
2005-10-01,3.78,5.0,199.1,13324.204,134643.0,96.4411,2065.0,,,
2005-11-01,4.0,5.0,198.1,,134999.0,97.5016,2147.0,1.1998,4.58,14.85
2005-12-01,4.16,4.9,198.1,,135158.0,97.9723,1994.0,1.1702,4.52,11.24
2006-01-01,4.29,4.7,199.3,13599.16,135426.0,98.127,2273.0,,,
2006-02-01,4.49,4.8,199.4,,135731.0,98.1687,2119.0,1.2092,4.57,12.36
2006-03-01,4.59,4.7,199.7,,136036.0,98.3913,1969.0,1.1899,4.59,11.54
2006-04-01,4.79,4.7,200.7,13753.424,136208.0,98.6826,1821.0,,,
2006-05-01,4.94,4.6,201.3,,136249.0,98.7074,1942.0,1.2607,5.14,12.54
2006-06-01,4.99,4.6,201.8,,136335.0,99.0398,1802.0,1.2824,5.11,14.52
2006-07-01,5.24,4.7,202.9,13870.188,136529.0,98.9751,1737.0,,,
2006-08-01,5.25,4.7,203.8,,136693.0,99.4047,1650.0,1.2778,4.99,15.05
2006-09-01,5.25,4.5,202.8,,136829.0,99.2246,1720.0,1.2833,4.73,11.96
2006-10-01,5.25,4.4,201.9,14039.56,136846.0,99.1229,1491.0,,,
2006-11-01,5.25,4.5,202.0,,137061.0,99.0963,1570.0,1.2771,4.57,11.51
2006-12-01,5.24,4.4,203.1,,137249.0,100.1125,1649.0,1.3316,4.43,11.66
2007-01-01,5.25,4.6,203.437,14215.651,137472.0,99.7546,1409.0,,,
2007-02-01,5.26,4.5,204.226,,137558.0,100.7166,1480.0,1.3021,4.84,10.31
2007-03-01,5.26,4.4,205.288,,137782.0,100.8952,1495.0,1.3173,4.56,15.82
2007-04-01,5.25,4.5,205.904,14402.082,137845.0,101.5723,1490.0,,,
2007-05-01,5.25,4.4,206.755,,137993.0,101.6269,1415.0,1.36,4.64,13.51
2007-06-01,5.25,4.6,207.234,,138069.0,101.6547,1448.0,1.344,4.95,12.78
2007-07-01,5.26,4.7,207.603,14564.117,138044.0,101.4953,1354.0,,,
2007-08-01,5.02,4.6,207.667,,138013.0,101.6943,1330.0,1.3682,4.76,23.67
2007-09-01,4.94,4.7,208.547,,138101.0,101.9428,1183.0,,,
2007-10-01,4.76,4.7,209.19,14715.058,138177.0,101.6446,1264.0,1.4229,4.56,17.84
2007-11-01,4.49,4.7,210.834,,138291.0,102.2167,1197.0,1.4435,4.36,23.21
2007-12-01,4.24,5.0,211.445,,138395.0,102.2764,1037.0,,,
2008-01-01,3.94,5.0,212.174,14706.538,138391.0,102.1493,1084.0,,,
2008-02-01,2.98,4.9,212.687,,138327.0,101.7756,1103.0,1.4851,3.62,24.02
2008-03-01,2.61,5.1,213.448,,138257.0,101.4508,1005.0,,,
2008-04-01,2.28,5.0,213.942,14865.701,138038.0,100.7554,1013.0,1.5615,3.57,22.68
2008-05-01,1.98,5.4,215.208,,137851.0,100.1336,973.0,1.5458,3.78,18.88
2008-06-01,2.0,5.6,217.463,,137698.0,99.8728,1046.0,,,
2008-07-01,2.01,5.8,219.016,14898.999,137498.0,99.4194,923.0,1.5778,4.01,23.65
2008-08-01,2.0,6.1,218.69,,137211.0,97.8491,844.0,1.5567,3.97,22.57
2008-09-01,1.81,6.1,218.877,,136762.0,93.5576,820.0,,,
2008-10-01,0.97,6.5,216.995,14608.209,136293.0,94.4985,777.0,1.4058,3.77,39.81
2008-11-01,0.39,6.8,213.153,,135543.0,93.2617,652.0,,,
2008-12-01,0.16,7.3,211.398,,134847.0,90.6266,560.0,1.2634,2.72,68.51
2009-01-01,0.15,7.8,211.933,14430.902,134078.0,88.3712,490.0,,,
2009-02-01,0.22,8.3,212.705,,133317.0,87.843,582.0,,,
2009-03-01,0.18,8.7,212.495,,132492.0,86.4689,505.0,,,
2009-04-01,0.15,9.0,212.709,14381.236,131821.0,85.7903,478.0,1.3223,2.68,42.28
2009-05-01,0.18,9.4,213.022,,131468.0,84.9436,540.0,1.3267,3.21,35.3
2009-06-01,0.21,9.5,214.79,,131007.0,84.6746,585.0,1.4192,3.71,30.04
2009-07-01,0.16,9.5,214.726,14448.882,130662.0,85.6853,594.0,1.4186,3.55,26.22
2009-08-01,0.16,9.6,215.445,,130472.0,86.6393,586.0,,,
2009-09-01,0.15,9.8,215.861,,130247.0,87.3821,585.0,1.4235,3.38,29.15
2009-10-01,0.12,10.0,216.509,14651.249,130062.0,87.5809,534.0,1.4532,3.21,28.27
2009-11-01,0.12,9.9,217.234,,130058.0,87.9388,588.0,,,
2009-12-01,0.12,9.9,217.347,,129808.0,88.2404,581.0,1.51,3.28,21.92
2010-01-01,0.11,9.8,217.488,14764.61,129802.0,89.1897,614.0,,,
2010-02-01,0.13,9.8,217.281,,129705.0,89.5046,604.0,1.3904,3.68,22.59
2010-03-01,0.16,9.9,217.353,,129865.0,90.1356,636.0,1.3516,3.61,19.26
2010-04-01,0.2,9.9,217.403,14980.193,130120.0,90.4607,687.0,1.3569,3.89,17.47
2010-05-01,0.2,9.6,217.29,,130643.0,91.7014,583.0,,,
2010-06-01,0.18,9.4,217.199,,130509.0,91.9033,536.0,1.2266,3.29,35.54
2010-07-01,0.18,9.4,217.605,15141.607,130415.0,92.2549,546.0,1.2464,2.96,32.86
2010-08-01,0.19,9.5,217.923,,130416.0,92.5936,599.0,,,
2010-09-01,0.19,9.5,218.275,,130342.0,92.8533,594.0,1.2813,2.58,23.89
2010-10-01,0.19,9.4,219.035,15309.474,130621.0,92.6033,543.0,1.3754,2.54,22.5
2010-11-01,0.19,9.8,219.59,,130749.0,92.6686,545.0,1.3888,2.66,21.83
2010-12-01,0.18,9.3,220.472,,130830.0,93.5916,539.0,1.3149,2.97,21.36
2011-01-01,0.17,9.1,221.187,15351.448,130837.0,93.3889,630.0,,,
2011-02-01,0.16,9.0,221.898,,131056.0,93.0045,517.0,1.3793,3.48,17.63
2011-03-01,0.14,9.0,223.046,,131282.0,93.9684,600.0,1.3813,3.41,21.01
2011-04-01,0.1,9.1,224.093,15557.539,131597.0,93.6571,554.0,1.4215,3.46,17.4
2011-05-01,0.09,9.0,224.806,,131704.0,93.7723,561.0,,,
2011-06-01,0.09,9.1,224.806,,131931.0,94.0493,608.0,1.4431,2.96,18.3
2011-07-01,0.07,9.0,225.395,15647.68,131993.0,94.4958,623.0,1.4508,3.22,15.87
2011-08-01,0.1,9.0,226.106,,132125.0,95.0974,585.0,1.4202,2.77,23.66
2011-09-01,0.08,9.0,226.597,,132344.0,95.0244,650.0,1.4283,2.15,31.82
2011-10-01,0.07,8.8,226.75,15842.259,132553.0,95.6891,610.0,,,
2011-11-01,0.08,8.6,227.169,,132690.0,95.6778,711.0,1.3676,2.01,34.77
2011-12-01,0.07,8.5,227.223,,132888.0,96.1809,694.0,1.3487,2.11,27.41
2012-01-01,0.08,8.3,227.842,16068.805,133245.0,96.7595,723.0,,,
2012-02-01,0.1,8.3,228.329,,133508.0,97.0662,704.0,1.3179,1.87,18.55
2012-03-01,0.13,8.2,228.807,,133748.0,96.5609,695.0,1.332,2.03,17.26
2012-04-01,0.14,8.2,229.187,16207.115,133825.0,97.251,753.0,,,
2012-05-01,0.16,8.2,228.713,,133933.0,97.4595,708.0,1.3226,1.98,16.6
2012-06-01,0.16,8.2,228.524,,134012.0,97.4768,757.0,1.242,1.47,26.66
2012-07-01,0.16,8.2,228.59,16319.541,134157.0,97.6714,740.0,,,
2012-08-01,0.13,8.1,229.918,,134338.0,97.2734,754.0,1.2299,1.56,18.96
2012-09-01,0.14,7.8,231.015,,134517.0,97.2217,847.0,,,
2012-10-01,0.16,7.8,231.638,16420.419,134668.0,97.5311,915.0,1.29,1.64,16.32
2012-11-01,0.16,7.7,231.249,,134825.0,97.9084,833.0,1.2937,1.75,16.69
2012-12-01,0.16,7.9,231.221,,135074.0,98.1884,976.0,,,
2013-01-01,0.14,8.0,231.679,16648.189,135257.0,98.1736,888.0,,,
2013-02-01,0.15,7.7,232.937,,135545.0,98.6434,962.0,1.3692,2.04,12.9
2013-03-01,0.14,7.5,232.282,,135689.0,99.047,1010.0,1.2988,1.86,15.36
2013-04-01,0.15,7.6,231.797,16728.687,135873.0,98.9445,835.0,1.2857,1.86,13.58
2013-05-01,0.11,7.5,231.893,,136095.0,99.0383,930.0,1.3192,1.66,14.49
2013-06-01,0.09,7.5,232.445,,136279.0,99.2221,839.0,,,
2013-07-01,0.09,7.3,232.9,16953.838,136391.0,98.8987,880.0,1.306,2.5,16.37
2013-08-01,0.08,7.2,233.456,,136646.0,99.4897,917.0,1.3217,2.74,12.94
2013-09-01,0.08,7.2,233.544,,136821.0,100.021,850.0,,,
2013-10-01,0.09,7.2,233.669,17192.019,137041.0,99.9037,925.0,1.3534,2.66,15.54
2013-11-01,0.08,6.9,234.1,,137316.0,100.1582,1100.0,1.3488,2.65,13.28
2013-12-01,0.09,6.7,234.719,,137373.0,100.374,1002.0,,,
2014-01-01,0.07,6.6,235.288,17197.738,137561.0,99.9899,888.0,,,
2014-02-01,0.07,6.7,235.547,,137712.0,100.7471,944.0,,,
2014-03-01,0.08,6.7,236.028,,137985.0,101.7435,970.0,,,
2014-04-01,0.09,6.2,236.468,17518.508,138297.0,101.8273,1043.0,1.3804,2.77,13.1
2014-05-01,0.09,6.3,236.918,,138512.0,102.2392,1007.0,1.3867,2.63,13.25
2014-06-01,0.1,6.1,237.231,,138849.0,102.5774,911.0,,,
2014-07-01,0.09,6.2,237.498,17804.228,139073.0,102.7954,1085.0,1.3681,2.58,11.15
2014-08-01,0.09,6.1,237.46,,139269.0,102.6322,984.0,1.3436,2.52,17.03
2014-09-01,0.09,5.9,237.477,,139563.0,102.9417,1023.0,,,
2014-10-01,0.09,5.7,237.43,17912.079,139797.0,102.9611,1074.0,1.2618,2.42,16.71
2014-11-01,0.09,5.8,236.983,,140090.0,103.5978,1001.0,,,
2014-12-01,0.12,5.6,236.252,,140364.0,103.6151,1073.0,1.249,2.22,14.29
2015-01-01,0.11,5.7,234.747,18063.529,140568.0,102.7923,1085.0,,,
2015-02-01,0.11,5.5,235.342,,140827.0,102.1366,886.0,,,
2015-03-01,0.11,5.4,235.976,,140923.0,101.7869,960.0,,,
2015-04-01,0.12,5.4,236.222,18279.784,141196.0,101.2255,1190.0,1.0768,1.87,15.11
2015-05-01,0.12,5.6,237.001,,141538.0,100.7675,1079.0,1.1194,2.12,12.7
2015-06-01,0.13,5.3,237.657,,141709.0,100.4588,1205.0,1.0913,2.19,13.97
2015-07-01,0.13,5.2,238.034,18401.626,141991.0,101.0893,1146.0,1.1084,2.43,16.09
2015-08-01,0.14,5.1,238.033,,142125.0,100.9165,1130.0,,,
2015-09-01,0.14,5.0,237.498,,142275.0,100.633,1224.0,1.1263,2.17,31.4
2015-10-01,0.12,5.0,237.733,18435.137,142579.0,100.1563,1058.0,1.12,2.05,22.55
2015-11-01,0.12,5.1,238.017,,142808.0,99.4366,1172.0,,,
2015-12-01,0.24,5.0,237.761,,143077.0,98.9471,1146.0,1.062,2.15,14.67
2016-01-01,0.34,4.8,237.652,18525.933,143210.0,99.4391,1092.0,,,
2016-02-01,0.38,4.9,237.336,,143407.0,98.9232,1225.0,1.0888,1.97,19.98
2016-03-01,0.36,5.0,238.08,,143662.0,98.1635,1111.0,1.0847,1.83,17.7
2016-04-01,0.37,5.1,238.992,18711.702,143855.0,98.4775,1163.0,1.1385,1.79,13.1
2016-05-01,0.37,4.8,239.557,,143900.0,98.2549,1148.0,,,
2016-06-01,0.38,4.9,240.222,,144146.0,98.7315,1203.0,1.1165,1.85,14.2
2016-07-01,0.39,4.8,240.101,18892.639,144520.0,98.8452,1239.0,1.1145,1.46,14.77
2016-08-01,0.4,4.9,240.545,,144662.0,98.7427,1171.0,1.1176,1.51,12.44
2016-09-01,0.4,5.0,241.176,,144967.0,98.6552,1068.0,1.1194,1.57,13.48
2016-10-01,0.4,4.9,241.741,19089.379,145066.0,98.7237,1313.0,,,
2016-11-01,0.41,4.7,242.026,,145183.0,98.3443,1140.0,1.1042,1.83,18.56
2016-12-01,0.54,4.7,242.637,,145408.0,99.0406,1252.0,1.0634,2.45,14.07
2017-01-01,0.65,4.7,243.618,19280.084,145628.0,98.8158,1190.0,,,
2017-02-01,0.66,4.6,244.006,,145848.0,98.4356,1271.0,1.0758,2.48,11.81
2017-03-01,0.79,4.4,243.892,,145969.0,99.0492,1190.0,1.0564,2.46,12.54
2017-04-01,0.9,4.4,244.193,19438.643,146174.0,100.0416,1146.0,,,
2017-05-01,0.91,4.4,244.004,,146380.0,100.128,1157.0,1.0912,2.33,10.11
2017-06-01,1.04,4.3,244.163,,146583.0,100.337,1249.0,1.1214,2.21,9.89
2017-07-01,1.15,4.3,244.243,19692.595,146772.0,100.0865,1206.0,,,
2017-08-01,1.16,4.4,245.183,,146919.0,99.6323,1159.0,1.1799,2.26,10.09
2017-09-01,1.15,4.3,246.435,,147007.0,99.7482,1181.0,1.1878,2.16,10.13
2017-10-01,1.15,4.2,246.626,20037.088,147150.0,100.9893,1257.0,,,
2017-11-01,1.16,4.2,247.284,,147373.0,101.2493,1273.0,1.1618,2.37,10.2
2017-12-01,1.3,4.1,247.805,,147523.0,101.4871,1177.0,1.191,2.37,11.43
2018-01-01,1.41,4.0,248.859,20328.553,147660.0,101.4852,1299.0,,,
2018-02-01,1.42,4.1,249.529,,148054.0,101.7319,1277.0,1.2482,2.78,13.47
2018-03-01,1.51,4.0,249.577,,148280.0,102.1943,1318.0,1.2216,2.81,22.47
2018-04-01,1.69,4.0,250.227,20580.912,148422.0,103.3551,1276.0,,,
2018-05-01,1.7,3.8,250.792,,148740.0,102.381,1357.0,1.2,2.97,15.49
2018-06-01,1.82,4.0,251.018,,148959.0,103.2256,1192.0,1.1679,2.89,13.46
2018-07-01,1.91,3.8,251.214,20798.73,149020.0,103.3561,1208.0,,,
2018-08-01,1.91,3.8,251.663,,149279.0,104.0585,1288.0,1.1666,3.0,13.15
2018-09-01,1.95,3.7,252.182,,149358.0,104.1038,1250.0,,,
2018-10-01,2.19,3.8,252.772,20917.867,149526.0,103.9297,1221.0,1.1567,3.09,12.0
2018-11-01,2.2,3.8,252.594,,149617.0,104.0126,1181.0,1.1396,3.14,19.34
2018-12-01,2.27,3.9,252.767,,149809.0,104.0451,1095.0,,,
2019-01-01,2.4,4.0,252.561,21111.6,150059.0,103.3598,1226.0,,,
2019-02-01,2.4,3.8,253.319,,150065.0,102.8251,1121.0,1.1474,2.7,16.14
2019-03-01,2.41,3.8,254.277,,150295.0,102.8361,1191.0,1.1376,2.76,13.57
2019-04-01,2.42,3.7,255.233,21397.938,150593.0,102.2748,1272.0,1.121,2.49,13.4
2019-05-01,2.39,3.6,255.296,,150621.0,102.4176,1293.0,1.1246,2.52,14.8
2019-06-01,2.38,3.6,255.213,,150839.0,102.5425,1243.0,,,
2019-07-01,2.4,3.7,255.802,21717.171,150936.0,102.0057,1240.0,1.1307,2.03,14.06
2019-08-01,2.13,3.6,256.036,,151171.0,102.7814,1375.0,1.1062,1.9,17.87
2019-09-01,2.04,3.5,256.43,,151365.0,102.4601,1311.0,,,
2019-10-01,1.83,3.6,257.155,21933.217,151460.0,101.5878,1325.0,1.0932,1.65,18.56
2019-11-01,1.55,3.6,257.879,,151668.0,102.1494,1353.0,1.1169,1.73,12.3
2019-12-01,1.55,3.6,258.63,,151795.0,101.9421,1548.0,,,
2020-01-01,1.55,3.6,259.127,21727.657,152031.0,101.3372,1581.0,,,
2020-02-01,1.58,3.5,259.25,,152292.0,101.6718,1549.0,,,
2020-03-01,0.65,4.4,258.076,,150895.0,97.606,1266.0,,,
2020-04-01,0.05,14.8,256.032,19935.444,130424.0,84.6812,936.0,1.0934,0.62,57.06
2020-05-01,0.05,13.2,255.802,,133040.0,86.0108,1039.0,1.0998,0.64,37.19
2020-06-01,0.08,11.0,257.042,,137671.0,91.6745,1266.0,1.1123,0.66,28.23
2020-07-01,0.09,10.2,258.352,21684.551,139255.0,95.0037,1526.0,1.1259,0.69,28.62
2020-08-01,0.1,8.4,259.316,,140819.0,95.9294,1396.0,,,
2020-09-01,0.09,7.8,259.997,,141770.0,95.8914,1473.0,1.1949,0.68,26.12
2020-10-01,0.09,6.9,260.319,22068.767,142461.0,96.5256,1543.0,1.1752,0.68,26.7
2020-11-01,0.09,6.7,260.911,,142731.0,96.9529,1543.0,,,
2020-12-01,0.09,6.7,262.045,,142548.0,98.2039,1614.0,1.2039,0.92,20.77
2021-01-01,0.09,6.4,262.639,22656.793,142913.0,98.8135,1630.0,,,
2021-02-01,0.08,6.2,263.573,,143422.0,95.5072,1404.0,1.207,1.09,30.24
2021-03-01,0.07,6.1,264.847,,144246.0,98.1929,1696.0,1.2054,1.45,23.35
2021-04-01,0.07,6.1,266.625,23368.861,144611.0,98.3317,1495.0,1.1772,1.69,17.33
2021-05-01,0.06,5.8,268.404,,145032.0,99.1867,1589.0,,,
2021-06-01,0.08,5.9,270.71,,145828.0,99.6483,1650.0,1.2241,1.62,17.9
2021-07-01,0.1,5.4,271.965,23921.991,146759.0,100.0668,1597.0,1.1857,1.48,15.48
2021-08-01,0.09,5.1,272.752,,147246.0,100.0412,1594.0,,,
2021-09-01,0.08,4.7,273.942,,147712.0,98.9955,1577.0,1.185,1.31,16.11
2021-10-01,0.08,4.5,276.528,24777.038,148569.0,100.3542,1579.0,1.1598,1.48,21.15
2021-11-01,0.08,4.2,278.824,,149206.0,101.2684,1705.0,1.1591,1.58,16.41
2021-12-01,0.08,3.9,280.806,,149781.0,101.1948,1722.0,1.1323,1.43,31.12
2022-01-01,0.08,4.0,282.542,25215.491,150006.0,101.2146,1702.0,,,
2022-02-01,0.08,3.8,284.525,,150875.0,101.8458,1735.0,1.1239,1.81,21.96
2022-03-01,0.2,3.7,287.467,,151346.0,102.6732,1712.0,1.1103,1.72,33.32
2022-04-01,0.33,3.7,288.582,25805.791,151651.0,102.9024,1820.0,1.1043,2.39,19.63
2022-05-01,0.77,3.6,291.299,,151892.0,102.9659,1531.0,,,
2022-06-01,1.21,3.6,295.072,,152353.0,102.8224,1551.0,1.0646,2.94,25.69
2022-07-01,1.68,3.5,294.94,26272.011,153049.0,103.0505,1381.0,1.0409,2.88,26.7
2022-08-01,2.33,3.6,295.162,,153286.0,103.1703,1531.0,1.027,2.6,22.84
2022-09-01,2.56,3.5,296.421,,153513.0,103.5326,1488.0,0.995,3.26,25.56
2022-10-01,3.08,3.6,297.979,26734.277,153913.0,103.4442,1435.0,,,
2022-11-01,3.78,3.6,298.708,,154210.0,103.1058,1424.0,0.9871,4.07,25.81
2022-12-01,4.1,3.5,298.808,,154336.0,101.8266,1308.0,1.0498,3.53,19.84
2023-01-01,4.33,3.5,300.456,27164.359,154780.0,102.7476,1361.0,,,
2023-02-01,4.57,3.6,301.476,,155086.0,102.8003,1399.0,1.0917,3.39,17.87
2023-03-01,4.65,3.5,301.643,,155171.0,102.8143,1377.0,1.0674,4.01,20.58
2023-04-01,4.83,3.4,302.858,27453.815,155387.0,103.2241,1354.0,,,
2023-05-01,5.06,3.6,303.316,,155614.0,102.9809,1584.0,1.097,3.59,16.08
2023-06-01,5.08,3.6,304.099,,155871.0,102.3809,1421.0,1.0752,3.61,15.65
2023-07-01,5.12,3.5,304.615,27967.697,156019.0,103.0722,1460.0,,,
2023-08-01,5.33,3.7,306.138,,156176.0,103.0951,1317.0,1.0971,4.05,13.93
2023-09-01,5.33,3.8,307.374,,156334.0,103.3081,1371.0,1.0787,4.18,13.09
2023-10-01,5.33,3.9,307.653,28296.967,156520.0,102.5781,1368.0,,,
2023-11-01,5.33,3.7,308.087,,156661.0,102.8868,1514.0,1.0538,4.77,16.87
2023-12-01,5.33,3.8,308.735,,156930.0,102.6309,1521.0,1.0878,4.22,12.63
2024-01-01,5.33,3.7,309.794,28624.069,157049.0,101.483,1381.0,,,
2024-02-01,5.33,3.9,311.022,,157271.0,102.7267,1552.0,1.0865,3.87,13.88
2024-03-01,5.33,3.9,312.107,,157517.0,102.5186,1312.0,1.0832,4.19,13.11
2024-04-01,5.33,3.9,313.016,29016.714,157635.0,102.3568,1385.0,1.0733,4.33,13.65
2024-05-01,5.33,4.0,313.14,,157828.0,102.9797,1316.0,1.068,4.63,15.39
2024-06-01,5.33,4.1,313.131,,157915.0,103.2534,1327.0,,,
2024-07-01,5.33,4.2,313.566,29374.914,158003.0,102.5192,1265.0,1.0728,4.48,12.22
2024-08-01,5.33,4.2,314.131,,158074.0,103.0196,1391.0,1.0789,3.99,18.59
2024-09-01,5.13,4.1,314.851,,158314.0,102.5954,1357.0,,,
2024-10-01,4.83,4.1,315.564,29723.864,158358.0,102.2138,1352.0,1.1067,3.74,19.26
2024-11-01,4.64,4.2,316.449,,158619.0,101.9503,1295.0,1.0848,4.37,21.88
2024-12-01,4.48,4.1,317.603,,158942.0,103.0447,1514.0,,,
2025-01-01,4.33,4.0,319.086,29976.638,159053.0,102.9343,1358.0,,,
2025-02-01,4.33,4.1,319.775,,159155.0,104.0003,1490.0,,,
2025-03-01,4.33,4.2,319.615,,159275.0,103.7483,1355.0,,,
2025-04-01,4.33,4.2,320.321,,159422.0,103.8216,1392.0,1.08,4.17,21.77
2025-05-01,4.33,4.2,320.58,,159561.0,103.5948,1256.0,1.1279,4.25,24.6
